item_type,purchase_datetime,active,price_in_virtual_currency,wager_day,payment_processor,product,code_id,expected_expiration
Store Item,2026-05-07 01:24:02,false,,,,In-app Purchase,,2026-05-07 01:34:02
Streak freeze,2026-05-07 01:15:39,true,,,,In-app Purchase,,
Store Item,2026-05-07 01:11:55,false,,,,In-app Purchase,,2026-05-07 01:21:55
Store Item,2026-05-06 10:51:14,false,,,,In-app Purchase,,2026-05-06 11:01:14
Store Item,2026-05-06 01:17:36,false,,,,In-app Purchase,,2026-05-06 01:45:08
Store Item,2026-05-06 01:17:35,false,,,,In-app Purchase,,2026-05-06 01:35:08
Store Item,2026-05-06 01:15:08,false,,,,In-app Purchase,,2026-05-06 01:25:08
Store Item,2026-05-05 11:02:35,false,,,,In-app Purchase,,2026-05-05 11:22:35
Store Item,2026-05-05 01:35:12,false,,,,In-app Purchase,,2026-05-05 01:50:20
Store Item,2026-05-05 01:30:20,false,,,,In-app Purchase,,2026-05-05 01:40:20
Store Item,2026-05-05 01:17:09,false,,,,In-app Purchase,,2026-05-05 01:27:09
Store Item,2026-05-04 10:50:38,false,450,,,In-app Purchase,,
Store Item,2026-05-04 01:16:31,false,,,,In-app Purchase,,2026-05-04 01:32:37
Store Item,2026-05-04 01:12:37,false,,,,In-app Purchase,,2026-05-04 01:22:37
Store Item,2026-05-03 11:59:27,false,,,,In-app Purchase,,2026-05-04 12:29:27
Store Item,2026-05-03 11:59:27,false,,,,In-app Purchase,,2026-05-04 12:29:27
Store Item,2026-04-30 01:13:48,false,,,,In-app Purchase,,2026-04-30 01:23:48
Store Item,2026-04-29 10:50:53,false,,,,In-app Purchase,,2026-04-29 11:00:53
Store Item,2026-04-29 01:12:46,false,,,,In-app Purchase,,2026-04-29 01:29:17
Store Item,2026-04-29 01:09:17,false,,,,In-app Purchase,,2026-04-29 01:19:17
Store Item,2026-04-28 05:17:57,false,,,,In-app Purchase,,2026-04-28 05:42:18
Store Item,2026-04-28 05:12:18,false,,,,In-app Purchase,,2026-04-28 05:27:18
Store Item,2026-04-28 04:47:05,false,,,,In-app Purchase,,2026-04-28 05:02:05
Store Item,2026-04-28 01:52:24,false,,,,In-app Purchase,,2026-05-03 05:00:00
Store Item,2026-04-28 01:52:23,false,20,,,In-app Purchase,,2026-05-03 05:00:00
Store Item,2026-04-27 10:57:00,false,,,,In-app Purchase,,2026-04-27 11:07:00
Store Item,2026-04-27 10:42:36,false,,,,In-app Purchase,,2026-04-27 10:52:36
Store Item,2026-04-27 01:14:50,false,,,,In-app Purchase,,2026-04-27 01:29:50
Store Item,2026-04-27 01:14:48,true,,,,In-app Purchase,,
Store Item,2026-04-25 11:23:43,false,,,,In-app Purchase,,2026-04-25 11:38:43
Store Item,2026-04-24 10:34:08,false,,,,In-app Purchase,,2026-04-24 10:49:08
Store Item,2026-04-23 10:36:33,false,,,,In-app Purchase,,2026-04-23 10:46:33
Store Item,2026-04-23 01:45:44,false,,,,In-app Purchase,,2026-04-23 02:12:07
Store Item,2026-04-23 01:10:02,false,,,,In-app Purchase,,2026-04-23 01:57:07
Store Item,2026-04-23 01:07:16,false,,,,In-app Purchase,,2026-04-23 01:42:07
Store Item,2026-04-23 01:07:07,false,,,,In-app Purchase,,2026-04-23 01:27:07
Store Item,2026-04-22 10:41:35,false,350,,,In-app Purchase,,
Store Item,2026-04-22 10:23:18,false,,,,In-app Purchase,,2026-04-22 10:33:18
Store Item,2026-04-22 01:04:08,false,,,,In-app Purchase,,2026-04-22 01:27:43
Store Item,2026-04-22 12:57:43,false,,,,In-app Purchase,,2026-04-22 01:12:43
Store Item,2026-04-20 11:02:25,false,,,,In-app Purchase,,2026-04-20 11:12:25
Store Item,2026-04-20 10:41:24,false,,,,In-app Purchase,,2026-04-20 10:56:24
Store Item,2026-04-19 05:42:39,false,,,,In-app Purchase,,
Store Item,2026-04-17 01:03:48,false,,,,In-app Purchase,,2026-04-17 01:33:48
Store Item,2026-04-16 10:54:25,false,,,,In-app Purchase,,2026-04-16 11:20:52
Store Item,2026-04-16 10:50:52,false,,,,In-app Purchase,,2026-04-16 11:05:52
Store Item,2026-04-15 10:34:17,false,,,,In-app Purchase,,2026-04-15 10:44:17
Store Item,2026-04-15 01:28:13,false,,,,In-app Purchase,,2026-04-15 01:57:59
Store Item,2026-04-15 01:25:11,false,100,,,In-app Purchase,,2026-04-15 01:57:59
Store Item,2026-04-15 01:25:11,false,,,,In-app Purchase,,2026-04-15 01:42:59
Store Item,2026-04-15 01:12:59,false,,,,In-app Purchase,,2026-04-15 01:27:59
Store Item,2026-04-14 10:53:13,false,,,,In-app Purchase,,2026-04-14 11:11:43
Store Item,2026-04-14 10:46:43,false,,,,In-app Purchase,,2026-04-14 10:56:43
Store Item,2026-04-14 01:14:10,false,,,,In-app Purchase,,2026-04-14 01:33:08
Store Item,2026-04-14 01:03:08,false,,,,In-app Purchase,,2026-04-14 01:18:08
Store Item,2026-04-14 02:43:28,false,20,,,In-app Purchase,,2026-04-19 05:00:00
Store Item,2026-04-13 01:22:07,false,,,,In-app Purchase,,2026-04-13 01:39:45
Store Item,2026-04-13 01:14:45,false,,,,In-app Purchase,,2026-04-13 01:29:45
Store Item,2026-04-10 10:59:38,false,,,,In-app Purchase,,2026-04-10 11:19:38
Store Item,2026-04-10 01:15:19,false,,,,In-app Purchase,,2026-04-10 01:30:19
Store Item,2026-04-09 10:51:38,false,,,,In-app Purchase,,2026-04-09 11:21:38
Store Item,2026-04-09 10:29:21,false,,,,In-app Purchase,,2026-04-09 10:44:21
Store Item,2026-04-08 10:50:01,false,,,,In-app Purchase,,2026-04-08 11:00:01
Store Item,2026-04-08 02:00:20,false,,,,In-app Purchase,,2026-04-08 02:22:24
Store Item,2026-04-08 01:52:39,false,,,,In-app Purchase,,2026-04-08 02:12:24
Store Item,2026-04-08 01:52:24,false,,,,In-app Purchase,,2026-04-08 02:02:24
Store Item,2026-04-07 10:45:31,false,,,,In-app Purchase,,2026-04-07 11:01:13
Store Item,2026-04-07 10:31:13,false,,,,In-app Purchase,,2026-04-07 10:51:13
Store Item,2026-04-07 01:06:39,false,,,,In-app Purchase,,2026-04-07 01:16:39
Store Item,2026-04-06 11:05:50,false,,,,In-app Purchase,,2026-04-06 11:15:50
Store Item,2026-04-06 10:38:29,false,,,,In-app Purchase,,2026-04-06 10:48:29
Store Item,2026-04-06 12:55:55,false,,,,In-app Purchase,,2026-04-06 01:05:55
Store Item,2026-04-02 11:00:36,false,,,,In-app Purchase,,2026-04-02 11:10:36
Store Item,2026-04-02 01:40:57,false,,,,In-app Purchase,,2026-04-02 01:50:57
Store Item,2026-04-02 01:39:56,false,,,,In-app Purchase,,
Store Item,2026-04-02 01:39:44,false,,,,In-app Purchase,,
Store Item,2026-04-01 10:49:18,false,,,,In-app Purchase,,2026-04-01 11:09:18
Store Item,2026-03-27 11:37:41,false,,,,In-app Purchase,,2026-03-27 11:47:41
Store Item,2026-03-26 10:59:53,false,,,,In-app Purchase,,2026-03-26 11:24:55
Store Item,2026-03-26 10:54:07,false,,,,In-app Purchase,,2026-03-26 11:14:55
Store Item,2026-03-26 10:48:06,false,,,,In-app Purchase,,2026-03-26 11:04:55
Store Item,2026-03-26 10:44:55,false,,,,In-app Purchase,,2026-03-26 10:54:55
Store Item,2026-03-26 10:25:52,false,,,,In-app Purchase,,2026-03-26 10:35:52
Store Item,2026-03-25 11:00:43,false,,,,In-app Purchase,,2026-03-25 11:20:43
Store Item,2026-03-25 01:19:13,false,,,,In-app Purchase,,2026-03-25 01:42:14
Store Item,2026-03-25 01:04:07,false,,,,In-app Purchase,,2026-03-25 01:32:14
Store Item,2026-03-25 01:02:14,false,,,,In-app Purchase,,2026-03-25 01:17:14
Store Item,2026-03-24 10:58:47,false,,,,In-app Purchase,,2026-03-24 11:13:47
Store Item,2026-03-23 10:42:12,false,,,,In-app Purchase,,2026-03-23 10:52:12
Store Item,2026-03-21 04:56:47,false,,,,In-app Purchase,,2026-03-21 05:25:57
Store Item,2026-03-21 04:55:57,false,,,,In-app Purchase,,2026-03-21 05:10:57
Store Item,2026-03-20 11:01:59,false,,,,In-app Purchase,,2026-03-20 11:11:59
Store Item,2026-03-20 12:56:20,false,,,,In-app Purchase,,2026-03-20 01:11:20
Store Item,2026-03-20 12:39:06,false,,,,In-app Purchase,,2026-03-20 12:54:06
Store Item,2026-03-19 10:53:30,false,,,,In-app Purchase,,2026-03-19 11:26:31
Store Item,2026-03-19 10:33:18,false,,,,In-app Purchase,,2026-03-19 11:11:31
Store Item,2026-03-19 10:29:49,false,,,,In-app Purchase,,2026-03-19 10:56:31
Store Item,2026-03-19 10:26:31,false,,,,In-app Purchase,,2026-03-19 10:41:31
Store Item,2026-03-18 10:46:36,false,,,,In-app Purchase,,2026-03-18 11:18:16
Store Item,2026-03-18 10:43:16,false,,,,In-app Purchase,,2026-03-18 11:03:16
Store Item,2026-03-17 04:46:22,false,,,,In-app Purchase,,2026-03-17 05:10:56
Store Item,2026-03-17 04:45:56,false,,,,In-app Purchase,,2026-03-17 04:55:56
Store Item,2026-03-17 12:36:01,false,20,,,In-app Purchase,,2026-03-22 05:00:00
Store Item,2026-03-16 12:46:21,false,,,,In-app Purchase,,2026-03-16 01:26:00
Store Item,2026-03-16 12:46:00,false,,,,In-app Purchase,,2026-03-16 01:01:00
Store Item,2026-03-16 12:46:00,false,,,,In-app Purchase,,2026-03-16 01:16:00
Store Item,2026-03-15 12:44:48,false,,,,In-app Purchase,,2026-03-15 12:59:48
Store Item,2026-03-12 10:47:30,false,,,,In-app Purchase,,2026-03-12 11:17:30
Store Item,2026-03-12 01:40:40,false,,,,In-app Purchase,,2026-03-12 01:50:40
Store Item,2026-03-11 10:34:24,false,,,,In-app Purchase,,2026-03-11 10:59:36
Store Item,2026-03-11 10:29:36,false,,,,In-app Purchase,,2026-03-11 10:44:36
Store Item,2026-03-10 11:04:08,false,,,,In-app Purchase,,2026-03-10 11:34:01
Store Item,2026-03-10 10:55:20,false,,,,In-app Purchase,,2026-03-10 11:19:01
Store Item,2026-03-10 10:54:01,false,,,,In-app Purchase,,2026-03-10 11:09:01
Store Item,2026-03-09 10:41:18,false,,,,In-app Purchase,,2026-03-09 10:51:18
Store Item,2026-03-06 11:10:56,false,,,,In-app Purchase,,2026-03-06 11:40:33
Store Item,2026-03-06 10:51:15,false,,,,In-app Purchase,,2026-03-06 11:20:33
Store Item,2026-03-06 10:50:33,false,,,,In-app Purchase,,2026-03-06 11:00:33
Store Item,2026-03-05 10:57:31,false,,,,In-app Purchase,,2026-03-05 11:12:31
Store Item,2026-03-03 10:58:50,false,,,,In-app Purchase,,2026-03-03 11:14:41
Store Item,2026-03-03 10:49:41,false,,,,In-app Purchase,,2026-03-03 10:59:41
Store Item,2026-03-03 01:24:30,false,20,,,In-app Purchase,,2026-03-08 05:00:00
Store Item,2026-03-01 12:24:44,false,,,,In-app Purchase,,2026-03-01 12:39:44
Store Item,2026-02-27 10:52:51,false,,,,In-app Purchase,,2026-02-27 11:07:51
Store Item,2026-02-26 06:30:43,false,,,,In-app Purchase,,2026-02-26 06:40:43
Store Item,2026-02-26 12:59:34,false,,,,In-app Purchase,,2026-02-26 01:14:34
Store Item,2026-02-25 01:00:09,false,,,,In-app Purchase,,2026-02-25 01:44:49
Store Item,2026-02-25 12:59:49,false,,,,In-app Purchase,,2026-02-25 01:14:49
Store Item,2026-02-23 06:03:41,false,,,,In-app Purchase,,2026-02-23 06:23:41
Store Item,2026-02-23 10:42:19,false,,,,In-app Purchase,,2026-02-23 11:12:39
Store Item,2026-02-23 10:32:58,false,,,,In-app Purchase,,2026-02-23 10:57:39
Store Item,2026-02-23 10:32:39,false,,,,In-app Purchase,,2026-02-23 10:47:39
Store Item,2026-02-20 11:25:33,false,,,,In-app Purchase,,2026-02-20 12:05:33
Store Item,2026-02-20 11:15:38,false,,,,In-app Purchase,,2026-02-20 11:55:33
Store Item,2026-02-20 11:15:33,false,,,,In-app Purchase,,2026-02-20 11:45:33
Store Item,2026-02-19 10:30:13,false,,,,In-app Purchase,,2026-02-19 10:56:43
Store Item,2026-02-19 10:27:43,false,,,,In-app Purchase,,2026-02-19 10:46:43
Store Item,2026-02-19 10:20:40,false,,,,In-app Purchase,,2026-02-19 10:36:43
Store Item,2026-02-19 10:16:43,false,,,,In-app Purchase,,2026-02-19 10:26:43
Store Item,2026-02-18 11:52:34,false,,,,In-app Purchase,,2026-02-18 12:15:35
Store Item,2026-02-18 11:45:35,false,,,,In-app Purchase,,2026-02-18 11:55:35
Store Item,2026-02-17 10:59:03,false,,,,In-app Purchase,,2026-02-17 11:21:35
Store Item,2026-02-17 10:51:39,false,,,,In-app Purchase,,2026-02-17 11:11:35
Store Item,2026-02-17 10:51:35,false,,,,In-app Purchase,,2026-02-17 11:01:35
Store Item,2026-02-16 11:06:28,false,,,,In-app Purchase,,2026-02-16 11:21:51
Store Item,2026-02-16 11:01:51,false,,,,In-app Purchase,,2026-02-16 11:11:51
Store Item,2026-02-14 10:07:48,false,,,,In-app Purchase,,2026-02-14 10:17:48
Store Item,2026-02-13 06:46:25,false,,,,In-app Purchase,,2026-02-13 06:56:25
Store Item,2026-02-13 11:14:18,false,,,,In-app Purchase,,2026-02-13 11:24:18
Store Item,2026-02-12 10:57:27,false,,,,In-app Purchase,,2026-02-12 11:13:43
Store Item,2026-02-12 10:38:44,false,,,,In-app Purchase,,2026-02-12 10:58:43
Store Item,2026-02-12 10:38:43,false,,,,In-app Purchase,,2026-02-12 10:48:43
Store Item,2026-02-09 12:56:58,false,,,,In-app Purchase,,2026-02-09 01:06:58
Store Item,2026-02-08 01:31:23,false,,,,In-app Purchase,,2026-02-08 01:41:23
Store Item,2026-02-06 09:39:29,false,,,,In-app Purchase,,2026-02-06 09:49:29
Store Item,2026-02-06 01:27:07,false,,,,In-app Purchase,,2026-02-06 01:37:07
Store Item,2026-02-06 01:27:07,false,,,,In-app Purchase,,2026-02-06 01:47:07
Store Item,2026-02-05 02:42:30,false,20,,,In-app Purchase,,2026-02-08 05:00:00
Store Item,2026-02-05 01:44:21,false,,,,In-app Purchase,,2026-02-05 01:54:21
Store Item,2026-02-02 02:44:43,false,,,,In-app Purchase,,2026-02-02 02:54:43
Store Item,2026-01-31 11:16:41,false,,,,In-app Purchase,,2026-01-31 11:33:11
Store Item,2026-01-31 11:05:07,false,,,,In-app Purchase,,2026-01-31 11:23:11
Store Item,2026-01-31 11:03:11,false,,,,In-app Purchase,,2026-01-31 11:13:11
Store Item,2026-01-30 09:28:13,false,,,,In-app Purchase,,2026-01-30 09:55:06
Store Item,2026-01-30 09:21:38,false,,,,In-app Purchase,,2026-01-30 09:45:06
Store Item,2026-01-30 09:21:23,false,,,,In-app Purchase,,2026-01-30 09:35:06
Store Item,2026-01-30 09:15:06,false,,,,In-app Purchase,,2026-01-30 09:25:06
Store Item,2026-01-30 01:49:46,false,20,,,In-app Purchase,,2026-02-01 05:00:00
Store Item,2026-01-29 04:52:51,false,,,,In-app Purchase,,2026-01-29 05:08:28
Store Item,2026-01-29 04:48:28,false,,,,In-app Purchase,,2026-01-29 04:58:28
Store Item,2026-01-28 07:18:48,false,,,,In-app Purchase,,2026-01-28 07:33:48
Store Item,2026-01-28 01:11:33,false,,,,In-app Purchase,,2026-01-28 01:21:33
Store Item,2026-01-27 02:34:09,false,20,,,In-app Purchase,,2026-02-01 05:00:00
Store Item,2026-01-26 01:23:17,false,,,,In-app Purchase,,2026-01-26 01:33:17
Store Item,2026-01-21 03:03:06,false,,,,In-app Purchase,,2026-01-21 03:19:58
Store Item,2026-01-21 02:59:58,false,,,,In-app Purchase,,2026-01-21 03:09:58
Store Item,2026-01-21 02:45:26,false,20,,,In-app Purchase,,2026-01-25 05:00:00
Store Item,2026-01-21 12:31:27,false,,,,In-app Purchase,,2026-01-21 12:46:27
Store Item,2026-01-20 02:22:39,false,20,,,In-app Purchase,,2026-01-25 05:00:00
Store Item,2026-01-17 07:27:19,false,,,,In-app Purchase,,2026-01-17 07:37:19
Store Item,2026-01-17 01:44:24,false,,,,In-app Purchase,,2026-01-17 01:54:24
Store Item,2026-01-16 10:53:59,false,,,,In-app Purchase,,2026-01-16 11:27:53
Store Item,2026-01-16 10:47:53,false,,,,In-app Purchase,,2026-01-16 11:17:53
Store Item,2026-01-15 01:45:28,false,,,,In-app Purchase,,2026-01-15 02:10:12
Store Item,2026-01-15 01:45:12,false,,,,In-app Purchase,,2026-01-15 01:55:12
Store Item,2026-01-15 01:20:52,false,,,,In-app Purchase,,2026-01-15 01:30:52
Store Item,2026-01-14 10:48:24,false,,,,In-app Purchase,,2026-01-14 11:10:14
Store Item,2026-01-14 10:45:14,false,,,,In-app Purchase,,2026-01-14 10:55:14
Store Item,2026-01-13 10:41:55,false,,,,In-app Purchase,,2026-01-13 11:18:59
Store Item,2026-01-13 10:38:59,false,,,,In-app Purchase,,2026-01-13 11:08:59
Store Item,2026-01-13 02:11:54,false,20,,,In-app Purchase,,2026-01-18 05:00:00
Store Item,2026-01-09 10:23:08,false,,,,In-app Purchase,,2026-01-09 10:33:08
Store Item,2026-01-07 11:05:19,false,,,,In-app Purchase,,2026-01-07 11:15:19
Store Item,2026-01-06 10:51:25,false,,,,In-app Purchase,,2026-01-06 11:15:40
Store Item,2026-01-06 10:48:28,false,,,,In-app Purchase,,2026-01-06 11:05:40
Store Item,2026-01-06 10:45:40,false,,,,In-app Purchase,,2026-01-06 10:55:40
Store Item,2026-01-04 11:45:57,false,,,,In-app Purchase,,2026-01-04 11:55:57
Store Item,2026-01-03 12:20:14,false,,,,In-app Purchase,,2026-01-03 12:30:14
Store Item,2026-01-03 11:57:23,false,,,,In-app Purchase,,2026-01-03 12:07:23
Store Item,2026-01-02 06:55:47,false,,,,In-app Purchase,,2026-01-02 07:12:53
Store Item,2026-01-02 06:47:53,false,,,,In-app Purchase,,2026-01-02 06:57:53
Store Item,2026-01-02 06:15:46,false,,,,In-app Purchase,,2026-01-02 06:45:46
Store Item,2026-01-02 10:52:39,false,,,,In-app Purchase,,2026-01-02 11:23:02
Store Item,2026-01-02 10:45:34,false,,,,In-app Purchase,,2026-01-02 11:13:02
Store Item,2026-01-02 10:43:02,false,,,,In-app Purchase,,2026-01-02 11:03:02
Store Item,2025-12-31 11:01:03,false,,,,In-app Purchase,,2025-12-31 11:11:03
Store Item,2025-12-30 06:34:03,false,,,,In-app Purchase,,2025-12-30 06:44:03
Store Item,2025-12-30 12:56:00,false,,,,In-app Purchase,,2025-12-30 01:06:00
Store Item,2025-12-29 11:10:31,false,,,,In-app Purchase,,2025-12-29 11:20:31
Store Item,2025-12-29 10:40:38,false,,,,In-app Purchase,,2025-12-29 10:50:38
Store Item,2025-12-27 11:44:47,false,,,,In-app Purchase,,2025-12-27 11:58:00
Store Item,2025-12-27 11:38:00,false,,,,In-app Purchase,,2025-12-27 11:48:00
Store Item,2025-12-26 10:54:13,false,,,,In-app Purchase,,2025-12-26 11:11:07
Store Item,2025-12-26 10:51:07,false,,,,In-app Purchase,,2025-12-26 11:01:07
Store Item,2025-12-26 10:38:20,false,,,,In-app Purchase,,2025-12-26 10:48:20
Store Item,2025-12-23 11:02:54,false,,,,In-app Purchase,,2025-12-23 11:12:54
Store Item,2025-12-23 10:28:34,false,,,,In-app Purchase,,2025-12-23 10:38:34
Store Item,2025-12-22 06:58:00,false,,,,In-app Purchase,,2025-12-22 07:18:00
Store Item,2025-12-22 10:26:53,false,,,,In-app Purchase,,2025-12-22 10:36:53
Store Item,2025-12-20 07:18:33,false,,,,In-app Purchase,,2025-12-20 08:04:47
Store Item,2025-12-20 07:14:47,false,,,,In-app Purchase,,2025-12-20 07:44:47
Store Item,2025-12-19 10:50:11,false,,,,In-app Purchase,,2025-12-19 11:00:11
Store Item,2025-12-18 08:55:16,false,,,,In-app Purchase,,2025-12-18 09:05:16
Store Item,2025-12-18 06:25:42,false,,,,In-app Purchase,,2025-12-18 06:35:42
Store Item,2025-12-18 10:23:47,false,,,,In-app Purchase,,2025-12-18 10:33:47
Store Item,2025-12-17 11:37:13,false,,,,In-app Purchase,,2025-12-17 11:47:13
Store Item,2025-12-17 10:26:19,false,,,,In-app Purchase,,2025-12-17 10:43:38
Store Item,2025-12-17 10:23:38,false,,,,In-app Purchase,,2025-12-17 10:33:38
Store Item,2025-12-16 06:15:23,false,,,,In-app Purchase,,2025-12-16 06:25:23
Store Item,2025-12-16 10:32:34,false,,,,In-app Purchase,,2025-12-16 10:42:34
Store Item,2025-12-16 10:32:19,false,,,,In-app Purchase,,2025-12-16 10:41:29
Store Item,2025-12-16 10:21:29,false,,,,In-app Purchase,,2025-12-16 10:31:29
Store Item,2025-12-16 01:04:49,false,20,,,In-app Purchase,,2025-12-21 05:00:00
Store Item,2025-12-15 07:02:39,false,,,,In-app Purchase,,2025-12-15 07:12:39
Store Item,2025-12-15 06:33:48,false,,,,In-app Purchase,,2025-12-15 06:43:48
Store Item,2025-12-14 08:29:23,false,,,,In-app Purchase,,2025-12-14 08:58:26
Store Item,2025-12-14 08:29:22,false,,,,In-app Purchase,,2025-12-14 08:48:26
Store Item,2025-12-14 08:28:26,false,,,,In-app Purchase,,2025-12-14 08:38:26
Store Item,2025-12-13 07:26:13,false,,,,In-app Purchase,,2025-12-13 07:36:13
Store Item,2025-12-13 11:25:16,false,,,,In-app Purchase,,2025-12-13 11:46:22
Store Item,2025-12-13 11:21:31,false,,,,In-app Purchase,,2025-12-13 11:36:22
Store Item,2025-12-13 11:16:22,false,,,,In-app Purchase,,2025-12-13 11:26:22
Store Item,2025-12-12 10:15:04,false,,,,In-app Purchase,,2025-12-12 10:31:27
Store Item,2025-12-12 10:15:04,false,,,,In-app Purchase,,2025-12-12 10:41:27
Store Item,2025-12-12 10:11:27,false,,,,In-app Purchase,,2025-12-12 10:21:27
Store Item,2025-12-11 11:16:37,false,,,,In-app Purchase,,2025-12-11 11:26:37
Store Item,2025-12-11 10:25:50,false,,,,In-app Purchase,,2025-12-11 10:43:03
Store Item,2025-12-11 10:18:19,false,,,,In-app Purchase,,2025-12-11 10:33:03
Store Item,2025-12-11 10:13:03,false,,,,In-app Purchase,,2025-12-11 10:23:03
Store Item,2025-12-10 06:44:55,false,,,,In-app Purchase,,2025-12-10 07:03:44
Store Item,2025-12-10 06:43:44,false,,,,In-app Purchase,,2025-12-10 06:53:44
Store Item,2025-12-09 06:54:35,false,,,,In-app Purchase,,2025-12-09 07:04:35
Store Item,2025-11-27 11:04:47,false,,,,In-app Purchase,,2025-11-27 11:26:18
Store Item,2025-11-27 11:00:12,false,,,,In-app Purchase,,2025-11-27 11:16:18
Store Item,2025-11-27 10:56:18,false,,,,In-app Purchase,,2025-11-27 11:06:18
Store Item,2025-11-27 02:04:11,false,,,,In-app Purchase,,2025-11-27 02:14:11
Store Item,2025-11-25 02:02:07,false,,,,In-app Purchase,,2025-11-25 02:12:07
Store Item,2025-11-25 02:02:07,false,,,,In-app Purchase,,2025-11-25 02:22:07
Store Item,2025-11-24 02:34:02,false,,,,In-app Purchase,,2025-11-24 02:44:02
Store Item,2025-11-18 09:21:02,false,,,,In-app Purchase,,2025-11-18 09:39:12
Store Item,2025-11-18 09:12:22,false,,,,In-app Purchase,,2025-11-18 09:29:12
Store Item,2025-11-18 09:09:12,false,,,,In-app Purchase,,2025-11-18 09:19:12
Store Item,2025-11-17 10:18:40,false,,,,In-app Purchase,,2025-11-17 10:28:40
Store Item,2025-11-17 10:01:43,false,,,,In-app Purchase,,2025-11-17 10:11:43
Store Item,2025-11-15 11:47:40,false,,,,In-app Purchase,,2025-11-15 11:57:40
Store Item,2025-11-14 08:41:35,false,,,,In-app Purchase,,2025-11-14 08:57:36
Store Item,2025-11-14 08:31:37,false,,,,In-app Purchase,,2025-11-14 08:47:36
Store Item,2025-11-14 08:27:36,false,,,,In-app Purchase,,2025-11-14 08:37:36
Store Item,2025-11-13 09:37:53,false,,,,In-app Purchase,,2025-11-13 10:04:03
Store Item,2025-11-13 09:32:52,false,,,,In-app Purchase,,2025-11-13 09:54:03
Store Item,2025-11-13 09:26:41,false,,,,In-app Purchase,,2025-11-13 09:44:03
Store Item,2025-11-13 09:24:03,false,,,,In-app Purchase,,2025-11-13 09:34:03
Store Item,2025-11-12 06:18:02,false,,,,In-app Purchase,,2025-11-12 06:28:32
Store Item,2025-11-12 06:18:02,false,,,,In-app Purchase,,2025-11-12 06:38:32
Store Item,2025-11-12 06:08:32,false,,,,In-app Purchase,,2025-11-12 06:18:32
Store Item,2025-11-11 08:19:44,false,,,,In-app Purchase,,2025-11-11 08:38:16
Store Item,2025-11-11 08:03:16,false,,,,In-app Purchase,,2025-11-11 08:13:16
Store Item,2025-11-11 08:03:16,false,,,,In-app Purchase,,2025-11-11 08:23:16
Store Item,2025-11-10 11:14:32,false,,,,In-app Purchase,,2025-11-10 11:24:32
Store Item,2025-11-10 01:21:38,false,,,,In-app Purchase,,2025-11-10 01:31:38
Store Item,2025-11-10 01:21:38,false,,,,In-app Purchase,,2025-11-10 01:41:38
Store Item,2025-11-05 04:19:11,false,,,,In-app Purchase,,2025-11-05 04:41:37
Store Item,2025-11-05 04:19:10,false,,,,In-app Purchase,,2025-11-05 04:31:37
Store Item,2025-11-05 04:11:37,false,,,,In-app Purchase,,2025-11-05 04:21:37
Store Item,2025-11-04 05:12:20,false,,,,In-app Purchase,,2025-11-04 05:28:57
Store Item,2025-11-04 04:57:16,false,,,,In-app Purchase,,2025-11-04 05:13:57
Store Item,2025-11-04 04:53:57,false,,,,In-app Purchase,,2025-11-04 05:03:57
Store Item,2025-10-31 07:25:41,false,,,,In-app Purchase,,2025-10-31 07:35:41
Store Item,2025-10-31 07:20:46,false,,,,In-app Purchase,,2025-10-31 07:30:39
Store Item,2025-10-31 07:10:39,false,,,,In-app Purchase,,2025-10-31 07:20:39
Store Item,2025-10-30 08:48:16,false,,,,In-app Purchase,,2025-10-30 09:09:04
Store Item,2025-10-30 08:42:06,false,,,,In-app Purchase,,2025-10-30 08:59:04
Store Item,2025-10-30 08:39:04,false,,,,In-app Purchase,,2025-10-30 08:49:04
Store Item,2025-10-29 04:04:47,false,,,,In-app Purchase,,2025-10-29 04:19:26
Store Item,2025-10-29 03:49:38,false,,,,In-app Purchase,,2025-10-29 04:09:26
Store Item,2025-10-29 03:44:26,false,,,,In-app Purchase,,2025-10-29 03:54:26
Store Item,2025-10-28 02:01:54,false,,,,In-app Purchase,,2025-10-28 02:11:54
Store Item,2025-10-27 01:53:44,false,,,,In-app Purchase,,2025-10-27 02:32:45
Store Item,2025-10-27 01:52:45,false,,,,In-app Purchase,,2025-10-27 02:02:45
Store Item,2025-10-24 11:57:50,false,,,,In-app Purchase,,2025-10-25 12:07:50
Store Item,2025-10-23 12:14:31,false,,,,In-app Purchase,,2025-10-23 12:24:31
Store Item,2025-10-23 12:14:31,false,,,,In-app Purchase,,2025-10-23 12:34:31
Store Item,2025-10-18 02:23:30,false,,,,In-app Purchase,,2025-10-18 02:48:56
Store Item,2025-10-18 02:13:59,false,,,,In-app Purchase,,2025-10-18 02:38:56
Store Item,2025-10-18 02:11:11,false,,,,In-app Purchase,,2025-10-18 02:28:56
Store Item,2025-10-18 02:03:56,false,,,,In-app Purchase,,2025-10-18 02:13:56
Store Item,2025-10-16 04:24:45,false,,,,In-app Purchase,,2025-10-16 04:42:13
Store Item,2025-10-16 04:15:56,false,,,,In-app Purchase,,2025-10-16 04:32:13
Store Item,2025-10-16 04:12:13,false,,,,In-app Purchase,,2025-10-16 04:22:13
Store Item,2025-10-16 02:50:24,false,,,,In-app Purchase,,2025-10-16 03:01:50
Store Item,2025-10-16 02:34:31,false,,,,In-app Purchase,,2025-10-16 02:51:50
Store Item,2025-10-16 02:31:50,false,,,,In-app Purchase,,2025-10-16 02:41:50
Store Item,2025-10-15 01:26:28,false,,,,In-app Purchase,,2025-10-15 01:44:08
Store Item,2025-10-15 01:17:15,false,,,,In-app Purchase,,2025-10-15 01:34:08
Store Item,2025-10-15 01:14:08,false,,,,In-app Purchase,,2025-10-15 01:24:08
Store Item,2025-10-14 02:00:41,false,,,,In-app Purchase,,2025-10-14 02:12:47
Store Item,2025-10-14 01:52:47,false,,,,In-app Purchase,,2025-10-14 02:02:47
Store Item,2025-10-11 02:50:31,false,,,,In-app Purchase,,2025-10-11 03:08:09
Store Item,2025-10-11 02:41:15,false,,,,In-app Purchase,,2025-10-11 02:58:09
Store Item,2025-10-11 02:38:09,false,,,,In-app Purchase,,2025-10-11 02:48:09
Store Item,2025-10-09 07:37:12,false,,,,In-app Purchase,,2025-10-09 07:57:26
Store Item,2025-10-09 07:34:23,false,,,,In-app Purchase,,2025-10-09 07:47:26
Store Item,2025-10-09 07:27:26,false,,,,In-app Purchase,,2025-10-09 07:37:26
Store Item,2025-10-08 08:54:57,false,,,,In-app Purchase,,2025-10-08 09:12:28
Store Item,2025-10-08 08:52:09,false,,,,In-app Purchase,,2025-10-08 09:02:28
Store Item,2025-10-08 08:42:28,false,,,,In-app Purchase,,2025-10-08 08:52:28
Store Item,2025-10-07 02:38:11,false,,,,In-app Purchase,,2025-10-07 02:58:20
Store Item,2025-10-07 02:30:48,false,,,,In-app Purchase,,2025-10-07 02:48:20
Store Item,2025-10-07 02:28:20,false,,,,In-app Purchase,,2025-10-07 02:38:20
Store Item,2025-10-06 04:41:43,false,,,,In-app Purchase,,2025-10-06 05:30:25
Store Item,2025-10-06 04:38:34,false,,,,In-app Purchase,,2025-10-06 05:20:25
Store Item,2025-10-06 04:34:51,false,,,,In-app Purchase,,2025-10-06 05:10:25
Store Item,2025-10-06 04:30:25,false,,,,In-app Purchase,,2025-10-06 04:40:25
Store Item,2025-10-05 02:30:55,false,,,,In-app Purchase,,2025-10-05 03:03:49
Store Item,2025-10-05 02:28:08,false,,,,In-app Purchase,,2025-10-05 02:53:49
Store Item,2025-10-05 02:19:24,false,,,,In-app Purchase,,2025-10-05 02:43:49
Store Item,2025-10-05 02:18:49,false,,,,In-app Purchase,,2025-10-05 02:33:49
Store Item,2025-10-05 02:18:49,false,,,,In-app Purchase,,2025-10-05 02:33:49
Store Item,2025-10-05 01:29:07,false,,,,In-app Purchase,,2025-10-05 01:47:14
Store Item,2025-10-05 01:26:03,false,,,,In-app Purchase,,2025-10-05 01:37:14
Store Item,2025-10-05 01:17:14,false,,,,In-app Purchase,,2025-10-05 01:27:14
Store Item,2025-10-04 01:20:10,false,,,,In-app Purchase,,2025-10-04 01:42:13
Store Item,2025-10-04 01:20:09,false,,,,In-app Purchase,,2025-10-04 01:32:13
Store Item,2025-10-04 01:12:13,false,,,,In-app Purchase,,2025-10-04 01:22:13
Store Item,2025-10-03 12:08:13,false,,,,In-app Purchase,,2025-10-03 12:18:13
Store Item,2025-10-03 12:05:50,false,,,,In-app Purchase,,2025-10-03 12:15:09
Store Item,2025-10-02 11:55:09,false,,,,In-app Purchase,,2025-10-03 12:05:09
Store Item,2025-10-01 06:56:36,false,,,,In-app Purchase,,2025-10-01 07:27:14
Store Item,2025-10-01 06:50:52,false,,,,In-app Purchase,,2025-10-01 07:17:14
Store Item,2025-10-01 06:48:19,false,,,,In-app Purchase,,2025-10-01 07:07:14
Store Item,2025-10-01 06:42:14,false,,,,In-app Purchase,,2025-10-01 06:52:14
Store Item,2025-09-30 06:18:25,false,,,,In-app Purchase,,2025-09-30 06:31:44
Store Item,2025-09-30 06:07:24,false,,,,In-app Purchase,,2025-09-30 06:21:44
Store Item,2025-09-30 06:01:44,false,,,,In-app Purchase,,2025-09-30 06:11:44
Store Item,2025-09-29 06:19:25,false,,,,In-app Purchase,,2025-09-29 06:28:58
Store Item,2025-09-29 06:19:25,false,,,,In-app Purchase,,2025-09-29 06:29:25
Store Item,2025-09-29 06:08:58,false,,,,In-app Purchase,,2025-09-29 06:18:58
Store Item,2025-09-28 11:41:49,false,,,,In-app Purchase,,2025-09-28 11:57:41
Store Item,2025-09-28 11:37:41,false,,,,In-app Purchase,,2025-09-28 11:47:41
Store Item,2025-09-28 11:23:08,false,,,,In-app Purchase,,2025-09-28 11:33:08
Store Item,2025-09-28 01:47:13,false,,,,In-app Purchase,,2025-09-28 02:47:13
Store Item,2025-09-28 01:46:58,false,,,,In-app Purchase,,2025-09-28 02:22:08
Store Item,2025-09-28 01:42:08,false,,,,In-app Purchase,,2025-09-28 01:52:08
Store Item,2025-09-26 11:16:55,false,20,,,In-app Purchase,,2025-09-28 05:00:00
Store Item,2025-09-26 06:44:37,false,,,,In-app Purchase,,2025-09-26 07:04:20
Store Item,2025-09-26 06:35:38,false,,,,In-app Purchase,,2025-09-26 06:49:20
Store Item,2025-09-26 06:29:20,false,,,,In-app Purchase,,2025-09-26 06:39:20
Store Item,2025-09-25 02:08:49,false,,,,In-app Purchase,,2025-09-25 02:18:49
Store Item,2025-09-23 06:21:56,false,,,,In-app Purchase,,2025-09-23 06:34:29
Store Item,2025-09-23 06:14:29,false,,,,In-app Purchase,,2025-09-23 06:24:29
Store Item,2025-09-21 02:16:38,false,,,,In-app Purchase,,2025-09-21 02:26:38
Store Item,2025-09-19 06:12:12,false,,,,In-app Purchase,,2025-09-19 06:25:06
Store Item,2025-09-19 06:05:06,false,,,,In-app Purchase,,2025-09-19 06:15:06
Store Item,2025-09-19 05:50:06,false,,,,In-app Purchase,,2025-09-19 06:00:06
Store Item,2025-09-18 06:40:49,false,,,,In-app Purchase,,2025-09-18 06:54:16
Store Item,2025-09-18 06:28:28,false,,,,In-app Purchase,,2025-09-18 06:44:16
Store Item,2025-09-18 06:24:16,false,,,,In-app Purchase,,2025-09-18 06:34:16
Store Item,2025-09-17 05:30:16,false,,,,In-app Purchase,,2025-09-17 05:40:16
Store Item,2025-09-17 05:18:33,false,,,,In-app Purchase,,2025-09-17 05:28:33
Store Item,2025-09-16 08:59:45,false,,,,In-app Purchase,,2025-09-16 09:18:51
Store Item,2025-09-16 08:58:51,false,,,,In-app Purchase,,2025-09-16 09:08:51
Health refill,2025-09-15 04:15:08,false,450,,,In-app Purchase,,
Store Item,2025-09-15 04:12:40,false,,,,In-app Purchase,,2025-09-15 04:22:40
Store Item,2025-09-12 03:38:21,false,,,,In-app Purchase,,2025-09-12 03:49:45
Store Item,2025-09-12 03:29:45,false,,,,In-app Purchase,,2025-09-12 03:39:45
Store Item,2025-09-12 11:48:17,false,,,,In-app Purchase,,2025-09-12 11:58:17
Store Item,2025-09-11 10:51:59,false,,,,In-app Purchase,,2025-09-11 11:02:21
Store Item,2025-09-11 10:42:21,false,,,,In-app Purchase,,2025-09-11 10:52:21
Store Item,2025-09-10 03:07:01,false,,,,In-app Purchase,,2025-09-10 03:17:01
Store Item,2025-09-10 10:41:10,false,,,,In-app Purchase,,2025-09-10 10:51:10
Store Item,2025-09-09 03:11:35,false,,,,In-app Purchase,,2025-09-09 03:27:04
Store Item,2025-09-09 03:07:04,false,,,,In-app Purchase,,2025-09-09 03:17:04
Store Item,2025-09-09 10:39:24,false,,,,In-app Purchase,,2025-09-09 10:49:24
Store Item,2025-09-08 10:55:59,false,,,,In-app Purchase,,2025-09-08 11:06:47
Store Item,2025-09-08 10:46:47,false,,,,In-app Purchase,,2025-09-08 10:56:47
Store Item,2025-09-06 02:57:30,false,,,,In-app Purchase,,2025-09-06 03:10:53
Store Item,2025-09-06 02:50:53,false,,,,In-app Purchase,,2025-09-06 03:00:53
Store Item,2025-09-05 03:07:46,false,,,,In-app Purchase,,2025-09-05 03:21:05
Store Item,2025-09-05 02:55:53,false,,,,In-app Purchase,,2025-09-05 03:11:05
Store Item,2025-09-05 02:51:05,false,,,,In-app Purchase,,2025-09-05 03:01:05
Store Item,2025-09-04 03:10:54,false,,,,In-app Purchase,,2025-09-04 03:21:20
Store Item,2025-09-04 03:01:20,false,,,,In-app Purchase,,2025-09-04 03:11:20
Store Item,2025-09-03 10:48:42,false,,,,In-app Purchase,,2025-09-03 10:58:07
Store Item,2025-09-03 10:48:42,false,,,,In-app Purchase,,2025-09-03 11:08:07
Store Item,2025-09-03 10:38:07,false,,,,In-app Purchase,,2025-09-03 10:48:07
Store Item,2025-09-02 11:41:18,false,,,,In-app Purchase,,2025-09-02 11:51:18
Store Item,2025-09-02 11:09:24,false,,,,In-app Purchase,,2025-09-02 11:19:24
Store Item,2025-09-02 10:54:13,false,,,,In-app Purchase,,2025-09-02 11:04:13
Store Item,2025-09-01 01:23:29,false,,,,In-app Purchase,,2025-09-01 01:32:52
Store Item,2025-09-01 01:12:52,false,,,,In-app Purchase,,2025-09-01 01:22:52
Store Item,2025-08-31 09:29:27,false,,,,In-app Purchase,,2025-08-31 09:59:27
Store Item,2025-08-29 11:56:44,false,,,,In-app Purchase,,2025-08-29 12:06:44
Store Item,2025-08-28 03:01:24,false,,,,In-app Purchase,,2025-08-28 03:11:24
Store Item,2025-08-27 09:56:38,false,,,,In-app Purchase,,2025-08-27 10:06:38
Store Item,2025-08-26 02:44:57,false,,,,In-app Purchase,,2025-08-26 02:54:57
Store Item,2025-08-25 05:39:01,false,,,,In-app Purchase,,2025-08-25 05:49:01
Store Item,2025-06-09 09:56:14,false,,,,In-app Purchase,,2025-06-09 10:13:17
Store Item,2025-06-09 09:51:30,false,,,,In-app Purchase,,2025-06-09 10:03:17
Store Item,2025-06-09 09:43:17,false,,,,In-app Purchase,,2025-06-09 09:53:17
Store Item,2025-06-08 10:52:33,false,,,,In-app Purchase,,2025-06-08 11:02:33
Store Item,2025-06-06 12:53:06,false,,,,In-app Purchase,,2025-06-06 01:03:06
Store Item,2025-06-05 09:44:33,false,,,,In-app Purchase,,2025-06-05 09:59:25
Store Item,2025-06-05 09:39:25,false,,,,In-app Purchase,,2025-06-05 09:49:25
Store Item,2025-06-04 10:54:33,false,,,,In-app Purchase,,2025-06-04 11:10:07
Store Item,2025-06-04 10:50:07,false,,,,In-app Purchase,,2025-06-04 11:00:07
Store Item,2025-06-03 10:35:48,false,,,,In-app Purchase,,2025-06-03 10:45:48
Store Item,2025-06-02 10:31:42,false,,,,In-app Purchase,,2025-06-02 10:44:15
Store Item,2025-06-02 10:24:15,false,,,,In-app Purchase,,2025-06-02 10:34:15
Store Item,2025-06-01 10:32:22,false,,,,In-app Purchase,,
Store Item,2025-06-01 10:24:58,false,,,,In-app Purchase,,2025-06-01 10:49:09
Store Item,2025-06-01 10:18:50,false,,,,In-app Purchase,,2025-06-01 10:39:09
Store Item,2025-06-01 10:14:09,false,,,,In-app Purchase,,2025-06-01 10:29:09
Store Item,2025-06-01 10:14:09,false,,,,In-app Purchase,,2025-06-01 10:29:09
Store Item,2025-05-26 10:26:46,false,,,,In-app Purchase,,2025-05-26 10:36:46
Store Item,2025-05-24 01:07:33,false,,,,In-app Purchase,,2025-05-24 01:26:19
Store Item,2025-05-24 01:06:19,false,,,,In-app Purchase,,2025-05-24 01:16:19
Store Item,2025-05-22 10:04:04,false,,,,In-app Purchase,,2025-05-22 10:19:49
Store Item,2025-05-22 09:52:09,false,,,,In-app Purchase,,2025-05-22 10:09:49
Store Item,2025-05-22 09:39:12,false,,,,In-app Purchase,,2025-05-22 09:54:49
Store Item,2025-05-22 09:34:49,false,,,,In-app Purchase,,2025-05-22 09:44:49
Store Item,2025-05-21 06:01:44,false,,,,In-app Purchase,,2025-05-21 06:20:12
Store Item,2025-05-21 05:35:38,false,,,,In-app Purchase,,2025-05-21 06:05:12
Store Item,2025-05-21 05:23:57,false,,,,In-app Purchase,,2025-05-21 05:55:12
Store Item,2025-05-21 05:20:46,false,,,,In-app Purchase,,2025-05-21 05:45:12
Store Item,2025-05-21 05:20:12,false,,,,In-app Purchase,,2025-05-21 05:35:12
Store Item,2025-05-20 05:27:08,false,,,,In-app Purchase,,2025-05-20 05:44:50
Store Item,2025-05-20 05:21:02,false,,,,In-app Purchase,,2025-05-20 05:34:50
Store Item,2025-05-20 05:14:50,false,,,,In-app Purchase,,2025-05-20 05:24:50
Store Item,2025-05-19 03:28:01,false,,,,In-app Purchase,,2025-05-19 03:45:07
Store Item,2025-05-19 03:12:42,false,,,,In-app Purchase,,2025-05-19 03:30:07
Store Item,2025-05-19 03:10:07,false,,,,In-app Purchase,,2025-05-19 03:20:07
Store Item,2025-05-17 09:50:07,false,,,,In-app Purchase,,2025-05-17 10:03:53
Store Item,2025-05-17 09:37:11,false,,,,In-app Purchase,,2025-05-17 09:53:53
Store Item,2025-05-17 09:33:53,false,,,,In-app Purchase,,2025-05-17 09:43:53
Store Item,2025-05-16 04:36:13,false,,,,In-app Purchase,,2025-05-16 04:52:44
Store Item,2025-05-16 04:25:11,false,,,,In-app Purchase,,2025-05-16 04:42:44
Store Item,2025-05-16 04:17:44,false,,,,In-app Purchase,,2025-05-16 04:27:44
Store Item,2025-05-16 01:36:36,false,,,,In-app Purchase,,2025-05-16 01:46:36
Store Item,2025-05-14 06:38:37,false,,,,In-app Purchase,,2025-05-14 06:53:34
Store Item,2025-05-14 06:31:06,false,,,,In-app Purchase,,2025-05-14 06:43:34
Store Item,2025-05-14 06:23:34,false,,,,In-app Purchase,,2025-05-14 06:33:34
Store Item,2025-05-13 02:03:17,false,,,,In-app Purchase,,2025-05-13 02:21:41
Store Item,2025-05-13 01:56:41,false,,,,In-app Purchase,,2025-05-13 02:06:41
Store Item,2025-05-08 11:47:31,false,,,,In-app Purchase,,2025-05-09 12:02:31
Store Item,2025-05-08 09:03:51,false,,,,In-app Purchase,,2025-05-08 09:35:51
Store Item,2025-05-08 08:59:34,false,,,,In-app Purchase,,2025-05-08 09:25:51
Store Item,2025-05-08 08:56:50,false,,,,In-app Purchase,,2025-05-08 09:15:51
Store Item,2025-05-08 08:50:51,false,,,,In-app Purchase,,2025-05-08 09:00:51
Store Item,2025-05-07 10:05:18,false,,,,In-app Purchase,,2025-05-07 10:16:15
Store Item,2025-05-07 09:56:15,false,,,,In-app Purchase,,2025-05-07 10:06:15
Store Item,2025-05-06 10:58:32,false,,,,In-app Purchase,,2025-05-06 11:16:01
Store Item,2025-05-06 10:51:01,false,,,,In-app Purchase,,2025-05-06 11:01:01
Store Item,2025-05-03 11:36:49,false,,,,In-app Purchase,,2025-05-03 11:52:54
Store Item,2025-05-03 11:27:54,false,,,,In-app Purchase,,2025-05-03 11:37:54
Store Item,2025-05-03 11:05:28,false,,,,In-app Purchase,,2025-05-03 11:19:21
Store Item,2025-05-03 10:59:21,false,,,,In-app Purchase,,2025-05-03 11:09:21
Store Item,2025-05-02 10:56:51,false,,,,In-app Purchase,,2025-05-02 11:13:55
Store Item,2025-05-02 10:47:12,false,,,,In-app Purchase,,2025-05-02 11:03:55
Store Item,2025-05-02 10:38:55,false,,,,In-app Purchase,,2025-05-02 10:48:55
Store Item,2025-05-01 11:48:52,false,,,,In-app Purchase,,2025-05-01 11:58:52
Store Item,2025-04-30 11:51:10,false,,,,In-app Purchase,,2025-05-01 12:08:38
Store Item,2025-04-30 11:42:37,false,,,,In-app Purchase,,2025-04-30 11:58:38
Store Item,2025-04-30 11:38:38,false,,,,In-app Purchase,,2025-04-30 11:48:38
Store Item,2025-04-29 11:36:06,false,,,,In-app Purchase,,2025-04-29 11:42:26
Store Item,2025-04-29 11:36:06,false,,,,In-app Purchase,,2025-04-29 11:52:26
Store Item,2025-04-29 11:22:26,false,,,,In-app Purchase,,2025-04-29 11:32:26
Store Item,2025-04-28 11:38:33,false,,,,In-app Purchase,,2025-04-29 12:07:13
Store Item,2025-04-28 11:35:01,false,,,,In-app Purchase,,2025-04-28 11:57:13
Store Item,2025-04-28 11:31:34,false,,,,In-app Purchase,,2025-04-28 11:47:13
Store Item,2025-04-28 11:22:13,false,,,,In-app Purchase,,2025-04-28 11:32:13
Store Item,2025-04-27 09:26:02,false,,,,In-app Purchase,,2025-04-27 09:36:02
Store Item,2025-04-27 12:35:42,false,,,,In-app Purchase,,2025-04-27 12:45:42
Store Item,2025-04-26 12:01:18,false,,,,In-app Purchase,,2025-04-26 12:15:19
Store Item,2025-04-25 11:49:03,false,,,,In-app Purchase,,2025-04-26 12:05:19
Store Item,2025-04-25 11:45:19,false,,,,In-app Purchase,,2025-04-25 11:55:19
Store Item,2025-04-25 12:23:47,false,,,,In-app Purchase,,2025-04-25 01:06:38
Store Item,2025-04-25 12:19:58,false,,,,In-app Purchase,,2025-04-25 12:56:38
Store Item,2025-04-25 12:16:38,false,,,,In-app Purchase,,2025-04-25 12:46:38
Store Item,2025-04-24 11:39:40,false,,,,In-app Purchase,,2025-04-24 11:49:40
Store Item,2025-04-23 09:28:52,false,,,,In-app Purchase,,2025-04-23 09:51:17
Store Item,2025-04-23 09:26:17,false,,,,In-app Purchase,,2025-04-23 09:36:17
Store Item,2025-04-23 09:26:17,false,,,,In-app Purchase,,2025-04-23 09:36:17
Store Item,2025-04-23 08:47:59,false,,,,In-app Purchase,,2025-04-23 08:57:59
Store Item,2025-04-22 11:35:47,false,,,,In-app Purchase,,2025-04-22 11:53:31
Store Item,2025-04-22 11:21:05,false,,,,In-app Purchase,,2025-04-22 11:38:31
Store Item,2025-04-22 11:10:15,false,,,,In-app Purchase,,2025-04-22 11:28:31
Store Item,2025-04-22 11:08:31,false,,,,In-app Purchase,,2025-04-22 11:18:31
Store Item,2025-04-21 11:46:25,false,,,,In-app Purchase,,2025-04-21 11:56:04
Store Item,2025-04-21 11:36:04,false,,,,In-app Purchase,,2025-04-21 11:46:04
Store Item,2025-04-19 11:39:05,false,,,,In-app Purchase,,2025-04-19 11:56:18
Store Item,2025-04-19 11:29:34,false,,,,In-app Purchase,,2025-04-19 11:41:18
Store Item,2025-04-19 11:15:58,false,,,,In-app Purchase,,2025-04-19 11:31:18
Store Item,2025-04-19 11:11:18,false,,,,In-app Purchase,,2025-04-19 11:21:18
Store Item,2025-04-18 11:39:10,false,,,,In-app Purchase,,2025-04-19 12:02:03
Store Item,2025-04-18 11:30:50,false,,,,In-app Purchase,,2025-04-18 11:52:03
Store Item,2025-04-18 11:26:10,false,,,,In-app Purchase,,2025-04-18 11:42:03
Store Item,2025-04-18 11:17:03,false,,,,In-app Purchase,,2025-04-18 11:27:03
Store Item,2025-04-17 11:39:02,false,,,,In-app Purchase,,2025-04-18 12:39:02
Store Item,2025-04-17 11:38:54,false,,,,In-app Purchase,,2025-04-18 12:12:39
Store Item,2025-04-17 11:33:55,false,,,,In-app Purchase,,2025-04-17 11:57:39
Store Item,2025-04-17 11:32:39,false,,,,In-app Purchase,,2025-04-17 11:47:39
Store Item,2025-04-17 11:21:16,false,,,,In-app Purchase,,2025-04-17 11:31:16
Store Item,2025-04-16 11:51:06,false,,,,In-app Purchase,,2025-04-17 12:05:41
Store Item,2025-04-16 11:45:41,false,,,,In-app Purchase,,2025-04-16 11:55:41
Store Item,2025-04-15 11:14:26,false,,,,In-app Purchase,,2025-04-15 11:24:26
Store Item,2025-04-14 11:47:54,false,,,,In-app Purchase,,2025-04-15 12:08:01
Store Item,2025-04-14 11:41:51,false,,,,In-app Purchase,,2025-04-14 11:58:01
Store Item,2025-04-14 11:38:01,false,,,,In-app Purchase,,2025-04-14 11:48:01
Store Item,2025-04-13 09:13:16,false,,,,In-app Purchase,,2025-04-13 09:23:16
Store Item,2025-04-12 11:39:39,false,,,,In-app Purchase,,2025-04-12 11:56:19
Store Item,2025-04-12 11:29:53,false,,,,In-app Purchase,,2025-04-12 11:46:19
Store Item,2025-04-12 11:26:19,false,,,,In-app Purchase,,2025-04-12 11:36:19
Store Item,2025-04-11 10:29:04,false,,,,In-app Purchase,,2025-04-11 10:45:10
Store Item,2025-04-11 10:25:10,false,,,,In-app Purchase,,2025-04-11 10:35:10
Store Item,2025-04-11 10:00:30,false,,,,In-app Purchase,,2025-04-11 10:15:41
Store Item,2025-04-11 09:50:41,false,,,,In-app Purchase,,2025-04-11 10:00:41
Store Item,2025-04-10 11:40:43,false,,,,In-app Purchase,,2025-04-11 12:08:10
Store Item,2025-04-10 11:35:54,false,,,,In-app Purchase,,2025-04-10 11:58:10
Store Item,2025-04-10 11:29:16,false,,,,In-app Purchase,,2025-04-10 11:48:10
Store Item,2025-04-10 11:23:10,false,,,,In-app Purchase,,2025-04-10 11:33:10
Store Item,2025-04-09 11:24:17,false,,,,In-app Purchase,,2025-04-09 11:40:02
Store Item,2025-04-09 11:20:02,false,,,,In-app Purchase,,2025-04-09 11:30:02
Store Item,2025-04-09 12:17:34,false,,,,In-app Purchase,,2025-04-09 12:27:34
Store Item,2025-04-08 11:42:13,false,,,,In-app Purchase,,2025-04-08 11:52:13
Store Item,2025-04-07 11:37:16,false,,,,In-app Purchase,,2025-04-07 11:47:16
Store Item,2025-04-03 11:35:55,false,,,,In-app Purchase,,2025-04-04 12:05:55
Store Item,2025-03-28 01:07:25,false,,,,In-app Purchase,,2025-03-28 01:17:25
Store Item,2025-03-28 01:07:25,false,,,,In-app Purchase,,2025-03-28 01:27:25
Store Item,2025-03-26 06:10:02,false,,,,In-app Purchase,,2025-03-26 06:20:02
Store Item,2025-03-25 07:14:35,false,,,,In-app Purchase,,2025-03-25 07:24:35
Store Item,2025-03-22 02:33:56,false,,,,In-app Purchase,,2025-03-22 02:43:56
Store Item,2025-03-21 01:46:31,false,,,,In-app Purchase,,2025-03-21 01:56:31
Store Item,2025-03-18 01:54:22,false,,,,In-app Purchase,,2025-03-18 02:04:22
Store Item,2025-03-15 09:30:00,false,,,,In-app Purchase,,2025-03-15 09:40:00
Store Item,2025-03-14 04:54:51,false,,,,In-app Purchase,,2025-03-14 05:04:51
Store Item,2025-03-12 05:48:46,false,,,,In-app Purchase,,2025-03-12 05:58:46
Store Item,2025-03-12 05:48:46,false,,,,In-app Purchase,,2025-03-12 05:58:46
Store Item,2025-03-10 09:38:46,false,,,,In-app Purchase,,2025-03-10 09:48:46
Store Item,2025-03-10 09:38:46,false,,,,In-app Purchase,,2025-03-10 09:58:46
Store Item,2025-03-05 04:30:43,false,,,,In-app Purchase,,2025-03-05 04:40:43
Store Item,2025-03-05 02:44:35,false,,,,In-app Purchase,,2025-03-05 02:54:35
Store Item,2025-03-03 06:50:56,false,,,,In-app Purchase,,2025-03-03 07:00:56
Store Item,2025-02-28 01:38:50,false,,,,In-app Purchase,,2025-02-28 01:57:18
Store Item,2025-02-28 01:31:52,false,,,,In-app Purchase,,2025-02-28 01:47:18
Store Item,2025-02-28 01:22:18,false,,,,In-app Purchase,,2025-02-28 01:32:18
Store Item,2025-02-25 02:25:46,false,,,,In-app Purchase,,2025-02-25 02:41:19
Store Item,2025-02-25 02:21:19,false,,,,In-app Purchase,,2025-02-25 02:31:19
Store Item,2025-02-25 02:07:44,false,,,,In-app Purchase,,2025-02-25 02:17:44
Store Item,2025-02-24 01:21:30,false,,,,In-app Purchase,,2025-02-24 01:31:30
Store Item,2025-02-22 11:14:48,false,,,,In-app Purchase,,2025-02-22 11:42:25
Store Item,2025-02-22 11:08:47,false,,,,In-app Purchase,,2025-02-22 11:32:25
Store Item,2025-02-22 11:04:52,false,,,,In-app Purchase,,2025-02-22 11:22:25
Store Item,2025-02-22 10:57:25,false,,,,In-app Purchase,,2025-02-22 11:07:25
Store Item,2025-02-21 06:50:50,false,,,,In-app Purchase,,2025-02-21 07:44:11
Store Item,2025-02-21 06:50:44,false,,,,In-app Purchase,,2025-02-21 07:14:11
Store Item,2025-02-21 06:46:43,false,,,,In-app Purchase,,2025-02-21 07:04:11
Store Item,2025-02-21 06:39:11,false,,,,In-app Purchase,,2025-02-21 06:49:11
Store Item,2025-02-20 06:50:24,false,,,,In-app Purchase,,2025-02-20 07:14:37
Store Item,2025-02-20 06:48:11,false,,,,In-app Purchase,,2025-02-20 07:04:37
Store Item,2025-02-20 06:44:37,false,,,,In-app Purchase,,2025-02-20 06:54:37
Store Item,2025-02-19 05:22:07,false,,,,In-app Purchase,,2025-02-19 05:40:07
Store Item,2025-02-19 05:10:54,false,,,,In-app Purchase,,2025-02-19 05:25:07
Store Item,2025-02-19 05:05:07,false,,,,In-app Purchase,,2025-02-19 05:15:07
Store Item,2025-02-18 03:28:57,false,,,,In-app Purchase,,2025-02-18 03:41:53
Store Item,2025-02-18 03:21:53,false,,,,In-app Purchase,,2025-02-18 03:31:53
Store Item,2025-02-18 03:11:27,false,,,,In-app Purchase,,2025-02-18 03:21:27
Store Item,2025-02-17 02:49:21,false,,,,In-app Purchase,,2025-02-17 03:06:17
Store Item,2025-02-17 02:23:14,false,,,,In-app Purchase,,2025-02-17 02:41:17
Store Item,2025-02-17 02:23:14,false,,,,In-app Purchase,,2025-02-17 02:51:17
Store Item,2025-02-17 02:01:17,false,,,,In-app Purchase,,2025-02-17 02:31:17
Store Item,2025-02-14 05:35:23,false,,,,In-app Purchase,,2025-02-14 05:58:57
Store Item,2025-02-14 05:31:25,false,,,,In-app Purchase,,2025-02-14 05:48:57
Store Item,2025-02-14 05:17:32,false,,,,In-app Purchase,,2025-02-14 05:33:57
Store Item,2025-02-14 05:13:57,false,,,,In-app Purchase,,2025-02-14 05:23:57
Store Item,2025-02-13 08:14:12,false,,,,In-app Purchase,,2025-02-13 08:36:17
Store Item,2025-02-13 08:14:12,false,,,,In-app Purchase,,2025-02-13 08:46:17
Store Item,2025-02-13 08:06:35,false,,,,In-app Purchase,,2025-02-13 08:26:17
Store Item,2025-02-13 08:01:17,false,,,,In-app Purchase,,2025-02-13 08:11:17
Store Item,2025-02-13 01:53:33,false,,,,In-app Purchase,,2025-02-13 02:08:33
Store Item,2025-02-12 05:12:58,false,,,,In-app Purchase,,2025-02-12 05:42:27
Store Item,2025-02-12 05:09:18,false,,,,In-app Purchase,,2025-02-12 05:32:27
Store Item,2025-02-12 05:06:17,false,,,,In-app Purchase,,2025-02-12 05:22:27
Store Item,2025-02-12 04:57:27,false,,,,In-app Purchase,,2025-02-12 05:07:27
Store Item,2025-02-11 05:18:36,false,,,,In-app Purchase,,2025-02-11 05:38:17
Store Item,2025-02-11 05:04:35,false,,,,In-app Purchase,,2025-02-11 05:23:17
Store Item,2025-02-11 05:00:42,false,,,,In-app Purchase,,2025-02-11 05:13:17
Store Item,2025-02-11 04:53:17,false,,,,In-app Purchase,,2025-02-11 05:03:17
Store Item,2025-02-10 04:04:24,false,,,,In-app Purchase,,2025-02-10 04:24:00
Store Item,2025-02-10 03:52:05,false,,,,In-app Purchase,,2025-02-10 04:09:00
Store Item,2025-02-10 03:49:00,false,,,,In-app Purchase,,2025-02-10 03:59:00
Store Item,2025-02-08 05:08:30,false,,,,In-app Purchase,,2025-02-08 05:23:45
Store Item,2025-02-08 05:03:45,false,,,,In-app Purchase,,2025-02-08 05:13:45
Store Item,2025-02-07 05:42:39,false,,,,In-app Purchase,,2025-02-07 06:00:27
Store Item,2025-02-07 05:34:30,false,,,,In-app Purchase,,2025-02-07 05:50:27
Store Item,2025-02-07 05:30:27,false,,,,In-app Purchase,,2025-02-07 05:40:27
Store Item,2025-02-06 05:19:08,false,,,,In-app Purchase,,2025-02-06 05:29:58
Store Item,2025-02-06 05:09:58,false,,,,In-app Purchase,,2025-02-06 05:19:58
Store Item,2025-02-04 04:42:30,false,,,,In-app Purchase,,2025-02-04 05:02:23
Store Item,2025-02-04 04:35:36,false,,,,In-app Purchase,,2025-02-04 04:47:23
Store Item,2025-02-04 04:27:23,false,,,,In-app Purchase,,2025-02-04 04:37:23
Store Item,2025-02-03 03:24:53,false,,,,In-app Purchase,,2025-02-03 03:52:30
Store Item,2025-02-03 03:17:59,false,,,,In-app Purchase,,2025-02-03 03:42:30
Store Item,2025-02-03 03:15:21,false,,,,In-app Purchase,,2025-02-03 03:32:30
Store Item,2025-02-03 03:07:30,false,,,,In-app Purchase,,2025-02-03 03:17:30
Store Item,2025-02-02 06:54:49,false,,,,In-app Purchase,,2025-02-02 07:11:51
Store Item,2025-02-02 06:40:54,false,,,,In-app Purchase,,2025-02-02 06:56:51
Store Item,2025-02-02 06:36:51,false,,,,In-app Purchase,,2025-02-02 06:46:51
Store Item,2025-01-31 05:29:50,false,,,,In-app Purchase,,2025-01-31 05:39:50
Store Item,2025-01-30 04:24:13,false,,,,In-app Purchase,,2025-01-30 04:34:13
Store Item,2025-01-30 04:24:13,false,,,,In-app Purchase,,2025-01-30 04:44:13
Store Item,2025-01-30 04:11:55,false,,,,In-app Purchase,,2025-01-30 04:21:55
Store Item,2025-01-29 05:28:00,false,,,,In-app Purchase,,2025-01-29 05:47:38
Store Item,2025-01-29 05:25:16,false,,,,In-app Purchase,,2025-01-29 05:37:38
Store Item,2025-01-29 05:17:38,false,,,,In-app Purchase,,2025-01-29 05:27:38
Store Item,2025-01-28 05:18:14,false,,,,In-app Purchase,,2025-01-28 05:34:57
Store Item,2025-01-28 05:09:02,false,,,,In-app Purchase,,2025-01-28 05:24:57
Store Item,2025-01-28 05:04:57,false,,,,In-app Purchase,,2025-01-28 05:14:57
Store Item,2025-01-27 06:44:32,false,,,,In-app Purchase,,2025-01-27 07:01:26
Store Item,2025-01-27 06:41:26,false,,,,In-app Purchase,,2025-01-27 06:51:26
Store Item,2025-01-26 04:08:37,false,,,,In-app Purchase,,2025-01-26 04:18:37
Store Item,2025-01-25 12:39:34,false,,,,In-app Purchase,,2025-01-25 12:49:34
Store Item,2025-01-24 05:19:53,false,,,,In-app Purchase,,2025-01-24 05:50:09
Health refill,2025-01-24 05:16:58,false,350,,,In-app Purchase,,
Store Item,2025-01-24 05:16:39,false,,,,In-app Purchase,,2025-01-24 05:40:09
Store Item,2025-01-24 05:13:02,false,,,,In-app Purchase,,2025-01-24 05:30:09
Store Item,2025-01-24 05:05:09,false,,,,In-app Purchase,,2025-01-24 05:15:09
Store Item,2025-01-23 04:55:07,false,,,,In-app Purchase,,2025-01-23 05:11:19
Store Item,2025-01-23 04:07:21,false,,,,In-app Purchase,,2025-01-23 04:56:19
Store Item,2025-01-23 04:00:20,false,,,,In-app Purchase,,2025-01-23 04:46:19
Store Item,2025-01-23 03:56:40,false,,,,In-app Purchase,,2025-01-23 04:36:19
Store Item,2025-01-23 03:56:19,false,,,,In-app Purchase,,2025-01-23 04:26:19
Store Item,2025-01-22 04:14:37,false,,,,In-app Purchase,,2025-01-22 04:33:41
Store Item,2025-01-22 03:52:01,false,,,,In-app Purchase,,2025-01-22 04:18:41
Store Item,2025-01-22 03:45:12,false,,,,In-app Purchase,,2025-01-22 04:08:41
Store Item,2025-01-22 03:34:24,false,,,,In-app Purchase,,2025-01-22 03:58:41
Store Item,2025-01-22 03:33:41,false,,,,In-app Purchase,,2025-01-22 03:48:41
Store Item,2025-01-21 05:17:57,false,,,,In-app Purchase,,2025-01-21 05:35:00
Store Item,2025-01-21 05:00:00,false,,,,In-app Purchase,,2025-01-21 05:10:00
Store Item,2025-01-21 05:00:00,false,,,,In-app Purchase,,2025-01-21 05:20:00
Store Item,2025-01-20 05:31:16,false,,,,In-app Purchase,,2025-01-20 05:51:06
Store Item,2025-01-20 05:26:06,false,,,,In-app Purchase,,2025-01-20 05:36:06
Store Item,2025-01-18 01:14:44,false,,,,In-app Purchase,,2025-01-18 01:29:44
Store Item,2025-01-17 06:06:21,false,,,,In-app Purchase,,2025-01-17 06:25:12
Store Item,2025-01-17 05:28:11,false,,,,In-app Purchase,,2025-01-17 06:15:12
Store Item,2025-01-17 05:27:51,false,,,,In-app Purchase,,2025-01-17 06:00:12
Store Item,2025-01-17 05:20:12,false,,,,In-app Purchase,,2025-01-17 05:30:12
Store Item,2025-01-17 05:15:36,false,,30,,In-app Purchase,,
Store Item,2025-01-15 04:19:20,false,,,,In-app Purchase,,2025-01-15 04:39:00
Store Item,2025-01-15 04:06:22,false,,,,In-app Purchase,,2025-01-15 04:24:00
Store Item,2025-01-15 04:04:00,false,,,,In-app Purchase,,2025-01-15 04:14:00
Store Item,2025-01-11 07:13:30,false,,,,In-app Purchase,,2025-01-11 07:27:11
Store Item,2025-01-11 07:07:11,false,,,,In-app Purchase,,2025-01-11 07:17:11
Store Item,2025-01-10 05:22:50,false,,,,In-app Purchase,,2025-01-10 05:39:08
Store Item,2025-01-10 05:14:08,false,,,,In-app Purchase,,2025-01-10 05:24:08
Store Item,2025-01-10 05:02:49,false,,,,In-app Purchase,,2025-01-10 05:12:49
Store Item,2025-01-09 06:24:59,false,,,,In-app Purchase,,2025-01-09 06:42:50
Store Item,2025-01-09 06:12:50,false,,,,In-app Purchase,,2025-01-09 06:27:50
Store Item,2025-01-08 05:23:53,false,,,,In-app Purchase,,2025-01-08 05:40:52
Store Item,2025-01-08 04:47:15,false,,,,In-app Purchase,,2025-01-08 05:25:52
Store Item,2025-01-08 04:43:09,false,,,,In-app Purchase,,2025-01-08 04:55:52
Store Item,2025-01-08 04:35:52,false,,14,,In-app Purchase,,
Store Item,2025-01-08 04:35:52,false,,,,In-app Purchase,,2025-01-08 04:45:52
Store Item,2025-01-07 08:05:29,false,,,,In-app Purchase,,2025-01-07 08:21:02
Store Item,2025-01-07 07:50:49,false,,,,In-app Purchase,,2025-01-07 08:06:02
Store Item,2025-01-07 07:46:02,false,,,,In-app Purchase,,2025-01-07 07:56:02
Store Item,2025-01-06 05:11:38,false,,,,In-app Purchase,,2025-01-06 05:29:13
Store Item,2025-01-06 04:59:13,false,,,,In-app Purchase,,2025-01-06 05:14:13
Store Item,2025-01-04 05:48:14,false,,,,In-app Purchase,,2025-01-04 06:14:38
Store Item,2025-01-04 05:32:38,false,,,,In-app Purchase,,2025-01-04 05:59:38
Store Item,2025-01-04 05:29:38,false,,,,In-app Purchase,,2025-01-04 05:44:38
Store Item,2025-01-04 05:00:02,false,,,,In-app Purchase,,2025-01-04 05:15:02
Store Item,2025-01-03 08:04:11,false,,,,In-app Purchase,,2025-01-03 08:19:11
Store Item,2025-01-03 01:33:36,false,,,,In-app Purchase,,2025-01-03 01:48:45
Store Item,2025-01-03 01:28:45,false,,,,In-app Purchase,,2025-01-03 01:38:45
Store Item,2025-01-02 06:48:06,false,,,,In-app Purchase,,2025-01-02 07:12:01
Store Item,2025-01-02 06:12:10,false,,,,In-app Purchase,,2025-01-02 06:57:01
Store Item,2025-01-02 06:12:01,false,,,,In-app Purchase,,2025-01-02 06:27:01
Gem wager,2025-01-02 05:52:08,false,50,7,,In-app Purchase,,
Store Item,2025-01-02 05:51:54,false,,,,In-app Purchase,,2025-01-02 06:06:54
Store Item,2025-01-01 08:40:10,false,1800,,,In-app Purchase,,
Store Item,2025-01-01 08:27:54,false,,,,In-app Purchase,,2025-01-01 08:41:24
Store Item,2025-01-01 08:20:57,false,,,,In-app Purchase,,2025-01-01 08:31:24
Store Item,2025-01-01 08:11:24,false,,,,In-app Purchase,,2025-01-01 08:21:24
Store Item,2024-12-31 06:02:17,false,,,,In-app Purchase,,2024-12-31 06:16:10
Store Item,2024-12-31 05:56:10,false,,,,In-app Purchase,,2024-12-31 06:06:10
Store Item,2024-12-29 11:22:57,false,,,,In-app Purchase,,2024-12-29 11:32:57
Store Item,2024-12-29 11:19:24,false,,,,In-app Purchase,,2024-12-29 11:27:58
Store Item,2024-12-29 11:07:58,false,,,,In-app Purchase,,2024-12-29 11:17:58
Store Item,2024-12-29 01:43:11,false,,,,In-app Purchase,,2024-12-29 01:54:17
Store Item,2024-12-29 01:34:17,false,,,,In-app Purchase,,2024-12-29 01:44:17
Store Item,2024-12-27 05:43:26,false,,,,In-app Purchase,,2024-12-27 06:27:51
Store Item,2024-12-27 05:31:42,false,,,,In-app Purchase,,2024-12-27 05:57:51
Store Item,2024-12-27 05:29:08,false,,,,In-app Purchase,,2024-12-27 05:47:51
Store Item,2024-12-27 05:22:51,false,,,,In-app Purchase,,2024-12-27 05:37:51
Store Item,2024-12-26 06:18:01,false,,,,In-app Purchase,,2024-12-26 06:36:04
Store Item,2024-12-26 06:04:10,false,,,,In-app Purchase,,2024-12-26 06:21:04
Store Item,2024-12-26 06:01:04,false,,,,In-app Purchase,,2024-12-26 06:11:04
Store Item,2024-12-25 10:55:25,false,,,,In-app Purchase,,2024-12-25 11:05:25
Store Item,2024-12-24 05:54:45,false,,,,In-app Purchase,,2024-12-24 06:13:57
Store Item,2024-12-24 05:47:41,false,,,,In-app Purchase,,2024-12-24 06:03:57
Store Item,2024-12-24 05:38:57,false,,,,In-app Purchase,,2024-12-24 05:48:57
Store Item,2024-12-23 01:09:29,false,,,,In-app Purchase,,2024-12-23 01:22:07
Store Item,2024-12-23 01:02:07,false,,,,In-app Purchase,,2024-12-23 01:12:07
Store Item,2024-12-20 05:06:41,false,,,,In-app Purchase,,2024-12-20 05:26:17
Store Item,2024-12-20 04:51:17,false,,,,In-app Purchase,,2024-12-20 05:01:17
Store Item,2024-12-20 04:51:17,false,,,,In-app Purchase,,2024-12-20 05:11:17
Store Item,2024-12-19 04:29:36,false,,,,In-app Purchase,,2024-12-19 04:42:51
Store Item,2024-12-19 04:22:51,false,,,,In-app Purchase,,2024-12-19 04:32:51
Store Item,2024-12-18 09:44:21,false,,,,In-app Purchase,,2024-12-18 10:04:20
Store Item,2024-12-18 09:44:20,false,,,,In-app Purchase,,2024-12-18 09:54:20
Store Item,2024-12-14 10:21:36,false,,,,In-app Purchase,,2024-12-14 10:31:36
Store Item,2024-12-14 10:07:28,false,,,,In-app Purchase,,2024-12-14 10:17:28
Store Item,2024-12-13 08:06:35,false,,,,In-app Purchase,,2024-12-13 08:32:39
Store Item,2024-12-13 08:02:39,false,,,,In-app Purchase,,2024-12-13 08:17:39
Store Item,2024-12-12 04:39:29,false,,,,In-app Purchase,,2024-12-12 04:55:29
Store Item,2024-12-12 04:35:29,false,,,,In-app Purchase,,2024-12-12 04:45:29
Store Item,2024-12-11 04:10:05,false,,,,In-app Purchase,,2024-12-11 04:36:54
Store Item,2024-12-11 04:04:50,false,,,,In-app Purchase,,2024-12-11 04:26:54
Store Item,2024-12-11 04:01:54,false,,,,In-app Purchase,,2024-12-11 04:16:54
Store Item,2024-12-10 02:26:27,false,,,,In-app Purchase,,2024-12-10 02:36:27
Store Item,2024-12-08 09:28:37,false,,,,In-app Purchase,,2024-12-08 09:38:37
Store Item,2024-12-04 11:27:42,false,,,,In-app Purchase,,2024-12-04 11:41:37
Store Item,2024-12-04 11:21:37,false,,,,In-app Purchase,,2024-12-04 11:31:37
Store Item,2024-12-02 02:50:21,false,,,,In-app Purchase,,2024-12-02 03:01:55
Store Item,2024-12-02 02:41:55,false,,,,In-app Purchase,,2024-12-02 02:51:55
Store Item,2024-12-01 04:18:43,false,,,,In-app Purchase,,2024-12-01 04:28:43
Store Item,2024-11-27 07:44:12,false,,,,In-app Purchase,,2024-11-27 08:14:54
Store Item,2024-11-27 07:41:40,false,,,,In-app Purchase,,2024-11-27 07:59:54
Store Item,2024-11-27 07:29:54,false,,,,In-app Purchase,,2024-11-27 07:44:54
Store Item,2024-11-24 02:40:56,false,,,,In-app Purchase,,2024-11-24 02:50:56
Store Item,2024-11-23 02:53:49,false,,,,In-app Purchase,,2024-11-23 03:03:49
Store Item,2024-11-22 03:42:00,false,,,,In-app Purchase,,2024-11-22 03:52:00
Store Item,2024-11-22 02:44:46,false,,,,In-app Purchase,,2024-11-22 02:54:46
Store Item,2024-11-20 01:37:51,false,,,,In-app Purchase,,2024-11-20 01:47:51
Store Item,2024-11-16 02:50:12,false,,,,In-app Purchase,,2024-11-16 03:05:12
Store Item,2024-11-11 02:59:30,false,,,,In-app Purchase,,2024-11-11 03:14:30
Store Item,2024-11-10 02:52:10,false,,,,In-app Purchase,,2024-11-10 03:07:10
Store Item,2024-11-09 03:05:23,false,,,,In-app Purchase,,2024-11-09 03:47:43
Store Item,2024-11-09 02:47:50,false,,,,In-app Purchase,,2024-11-09 03:32:43
Store Item,2024-11-09 02:47:43,false,,,,In-app Purchase,,2024-11-09 03:02:43
Store Item,2024-11-07 07:32:22,false,,,,In-app Purchase,,2024-11-07 07:51:10
Store Item,2024-11-07 07:19:35,false,,,,In-app Purchase,,2024-11-07 07:36:10
Store Item,2024-11-07 07:06:10,false,,,,In-app Purchase,,2024-11-07 07:21:10
Store Item,2024-11-07 03:02:11,false,,,,In-app Purchase,,2024-11-07 03:17:11
Store Item,2024-11-06 03:02:46,false,,,,In-app Purchase,,2024-11-06 03:20:52
Store Item,2024-11-06 02:50:52,false,,,,In-app Purchase,,2024-11-06 03:05:52
Store Item,2024-10-31 07:24:42,false,,,,In-app Purchase,,2024-10-31 07:54:42
Store Item,2024-10-30 03:30:03,false,,,,In-app Purchase,,2024-10-30 03:45:03
Store Item,2024-10-24 04:43:23,false,,,,In-app Purchase,,2024-10-24 04:58:23
Store Item,2024-10-21 04:04:24,false,,,,In-app Purchase,,2024-10-21 04:19:24
Store Item,2024-10-17 05:44:43,false,,,,In-app Purchase,,2024-10-17 06:15:10
Store Item,2024-10-17 05:41:15,false,,,,In-app Purchase,,2024-10-17 06:00:10
Store Item,2024-10-17 05:30:10,false,,,,In-app Purchase,,2024-10-17 05:45:10
Store Item,2024-10-14 08:53:53,false,,,,In-app Purchase,,2024-10-14 09:08:53
Store Item,2024-10-14 08:32:43,false,,,,In-app Purchase,,2024-10-14 08:47:43
Store Item,2024-10-09 07:36:53,false,,,,In-app Purchase,,2024-10-09 07:51:53
Store Item,2024-10-08 04:52:26,false,,,,In-app Purchase,,2024-10-08 05:22:44
Store Item,2024-10-08 04:47:12,false,,,,In-app Purchase,,2024-10-08 05:07:44
Store Item,2024-10-08 04:37:44,false,,,,In-app Purchase,,2024-10-08 04:52:44
Store Item,2024-10-08 04:18:19,false,,,,In-app Purchase,,2024-10-08 04:33:19
Store Item,2024-10-07 06:56:51,false,,,,In-app Purchase,,2024-10-07 07:11:51
Store Item,2024-10-07 06:01:05,false,,,,In-app Purchase,,2024-10-07 06:16:05
Store Item,2024-10-04 12:30:02,false,,,,In-app Purchase,,2024-10-04 12:58:08
Store Item,2024-10-04 12:25:13,false,,,,In-app Purchase,,2024-10-04 12:43:08
Store Item,2024-10-04 12:13:08,false,,,,In-app Purchase,,2024-10-04 12:28:08
Store Item,2024-10-02 05:12:44,false,,,,In-app Purchase,,2024-10-02 05:35:44
Store Item,2024-10-02 05:05:44,false,,,,In-app Purchase,,2024-10-02 05:20:44
Store Item,2024-10-02 04:45:27,false,,,,In-app Purchase,,2024-10-02 05:00:27
Store Item,2024-10-01 06:35:42,false,,,,In-app Purchase,,2024-10-01 06:46:36
Store Item,2024-10-01 06:16:36,false,,,,In-app Purchase,,2024-10-01 06:31:36
Store Item,2024-09-27 02:31:26,false,,,,In-app Purchase,,2024-09-27 02:46:26
Store Item,2024-09-25 10:15:46,false,,,,In-app Purchase,,2024-09-25 10:30:46
Store Item,2024-09-24 02:18:38,false,,,,In-app Purchase,,2024-09-24 02:45:08
Store Item,2024-09-24 02:15:08,false,,,,In-app Purchase,,2024-09-24 02:30:08
Store Item,2024-09-21 10:37:56,false,,,,In-app Purchase,,2024-09-21 10:52:56
Store Item,2024-09-21 01:22:06,false,,,,In-app Purchase,,2024-09-21 01:47:24
Store Item,2024-09-21 01:07:11,false,,,,In-app Purchase,,2024-09-21 01:32:24
Store Item,2024-09-21 01:02:24,false,,,,In-app Purchase,,2024-09-21 01:17:24
Store Item,2024-09-18 11:53:11,false,,,,In-app Purchase,,2024-09-18 12:08:11
Store Item,2024-09-15 08:45:17,false,,,,In-app Purchase,,2024-09-15 09:00:17
Store Item,2024-09-13 10:15:01,false,,,,In-app Purchase,,2024-09-13 10:30:01
Store Item,2024-09-13 09:51:57,false,,,,In-app Purchase,,2024-09-13 10:06:57
Store Item,2024-09-12 09:52:39,false,,,,In-app Purchase,,2024-09-12 10:18:16
Store Item,2024-09-12 09:48:16,false,,,,In-app Purchase,,2024-09-12 10:03:16
Store Item,2024-09-12 02:52:10,false,,,,In-app Purchase,,2024-09-12 03:29:19
Store Item,2024-09-12 02:42:48,false,,,,In-app Purchase,,2024-09-12 02:59:19
Store Item,2024-09-12 02:29:19,false,,,,In-app Purchase,,2024-09-12 02:44:19
Store Item,2024-09-10 07:30:09,false,,,,In-app Purchase,,2024-09-10 07:45:09
Store Item,2024-09-10 07:25:34,false,,,,In-app Purchase,,2024-09-10 07:38:13
Store Item,2024-09-10 07:08:13,false,,,,In-app Purchase,,2024-09-10 07:23:13
Store Item,2024-09-06 09:33:55,false,,,,In-app Purchase,,2024-09-06 09:48:55
Store Item,2024-09-05 09:33:04,false,,,,In-app Purchase,,2024-09-05 09:48:04
Store Item,2024-09-05 09:02:38,false,,,,In-app Purchase,,2024-09-05 09:17:38
Store Item,2024-09-04 09:57:37,false,,,,In-app Purchase,,2024-09-04 10:12:37
Store Item,2024-09-04 09:24:04,false,,,,In-app Purchase,,2024-09-04 09:42:31
Store Item,2024-09-04 09:10:10,false,,,,In-app Purchase,,2024-09-04 09:27:31
Store Item,2024-09-04 08:57:31,false,,,,In-app Purchase,,2024-09-04 09:12:31
Store Item,2024-09-03 03:44:11,false,,,,In-app Purchase,,2024-09-03 04:09:51
Store Item,2024-09-03 03:37:52,false,,,,In-app Purchase,,2024-09-03 03:54:51
Store Item,2024-09-03 03:24:51,false,,,,In-app Purchase,,2024-09-03 03:39:51
Store Item,2024-08-31 10:30:02,false,,,,In-app Purchase,,2024-08-31 11:00:02
Store Item,2024-08-30 09:50:00,false,,,,In-app Purchase,,2024-08-30 10:26:05
Store Item,2024-08-30 09:34:49,false,,,,In-app Purchase,,2024-08-30 10:11:05
Store Item,2024-08-30 09:30:32,false,,,,In-app Purchase,,2024-08-30 09:56:05
Store Item,2024-08-30 09:26:05,false,,,,In-app Purchase,,2024-08-30 09:41:05
Store Item,2024-08-30 12:31:26,false,,,,In-app Purchase,,2024-08-30 12:46:26
Store Item,2024-08-29 12:04:57,false,,,,In-app Purchase,,2024-08-29 12:22:18
Store Item,2024-08-28 11:52:18,false,,,,In-app Purchase,,2024-08-29 12:07:18
Store Item,2024-08-23 09:52:13,false,,,,In-app Purchase,,2024-08-23 10:07:13
Store Item,2024-08-23 06:05:59,false,,,,In-app Purchase,,2024-08-23 06:22:24
Store Item,2024-08-23 05:40:46,false,,,,In-app Purchase,,2024-08-23 06:07:24
Store Item,2024-08-23 05:37:24,false,,,,In-app Purchase,,2024-08-23 05:52:24
Store Item,2024-08-22 09:37:54,false,,,,In-app Purchase,,2024-08-22 09:52:54
Store Item,2024-08-21 05:03:59,false,,,,In-app Purchase,,2024-08-21 05:25:38
Store Item,2024-08-21 04:54:08,false,,,,In-app Purchase,,2024-08-21 05:10:38
Store Item,2024-08-21 04:40:38,false,,,,In-app Purchase,,2024-08-21 04:55:38
Store Item,2024-08-19 04:52:33,false,,,,In-app Purchase,,2024-08-19 05:19:45
Store Item,2024-08-19 04:40:27,false,,,,In-app Purchase,,2024-08-19 05:04:45
Store Item,2024-08-19 04:34:08,false,,,,In-app Purchase,,2024-08-19 04:49:45
Store Item,2024-08-19 04:19:45,false,,,,In-app Purchase,,2024-08-19 04:34:45
Store Item,2024-08-16 10:26:11,false,,,,In-app Purchase,,2024-08-16 10:56:11
Store Item,2024-08-16 09:28:55,false,,,,In-app Purchase,,2024-08-16 09:43:55
Store Item,2024-08-15 09:38:11,false,,,,In-app Purchase,,2024-08-15 09:53:11
Store Item,2024-08-14 09:41:51,false,,,,In-app Purchase,,2024-08-14 09:56:51
Store Item,2024-08-14 09:25:53,false,,,,In-app Purchase,,2024-08-14 09:40:53
Store Item,2024-08-13 02:27:29,false,,,,In-app Purchase,,2024-08-13 02:54:33
Store Item,2024-08-13 02:24:33,false,,,,In-app Purchase,,2024-08-13 02:39:33
Store Item,2024-08-13 01:52:50,false,,,,In-app Purchase,,2024-08-13 02:07:50
Store Item,2024-08-12 02:28:12,false,,,,In-app Purchase,,2024-08-12 02:59:36
Store Item,2024-08-12 02:25:29,false,,,,In-app Purchase,,2024-08-12 02:44:36
Store Item,2024-08-12 02:14:36,false,,,,In-app Purchase,,2024-08-12 02:29:36
Store Item,2024-08-10 05:48:23,false,,,,In-app Purchase,,2024-08-10 06:08:08
Store Item,2024-08-10 05:38:08,false,,,,In-app Purchase,,2024-08-10 05:53:08
Store Item,2024-08-09 01:22:58,false,,,,In-app Purchase,,2024-08-09 02:04:09
Store Item,2024-08-09 01:07:46,false,,,,In-app Purchase,,2024-08-09 01:49:09
Store Item,2024-08-09 01:04:09,false,,,,In-app Purchase,,2024-08-09 01:34:09
Store Item,2024-08-08 05:39:06,false,,,,In-app Purchase,,2024-08-08 06:09:00
Store Item,2024-08-08 05:35:46,false,,,,In-app Purchase,,2024-08-08 05:54:00
Store Item,2024-08-08 05:24:00,false,,,,In-app Purchase,,2024-08-08 05:39:00
Store Item,2024-08-07 05:22:44,false,,,,In-app Purchase,,2024-08-07 05:43:13
Store Item,2024-08-07 05:11:06,false,,,,In-app Purchase,,2024-08-07 05:28:13
Store Item,2024-08-07 04:58:13,false,,,,In-app Purchase,,2024-08-07 05:13:13
Store Item,2024-08-06 02:33:06,false,,,,In-app Purchase,,2024-08-06 02:48:06
Store Item,2024-08-06 02:11:12,false,,,,In-app Purchase,,2024-08-06 02:26:12
Store Item,2024-08-05 07:00:12,false,,,,In-app Purchase,,2024-08-05 07:27:39
Store Item,2024-08-05 06:51:43,false,,,,In-app Purchase,,2024-08-05 07:12:39
Store Item,2024-08-05 06:42:39,false,,,,In-app Purchase,,2024-08-05 06:57:39
Store Item,2024-08-03 09:35:54,false,,,,In-app Purchase,,2024-08-03 09:50:41
Store Item,2024-08-03 09:20:41,false,,,,In-app Purchase,,2024-08-03 09:35:41
Store Item,2024-08-01 08:04:47,false,,,,In-app Purchase,,2024-08-01 08:59:31
Store Item,2024-08-01 08:04:41,false,,,,In-app Purchase,,2024-08-01 08:29:31
Store Item,2024-08-01 07:59:31,false,,,,In-app Purchase,,2024-08-01 08:14:31
Store Item,2024-08-01 07:37:03,false,,,,In-app Purchase,,2024-08-01 07:52:03
Store Item,2024-08-01 12:13:11,false,,,,In-app Purchase,,2024-08-01 12:28:11
Store Item,2024-07-31 11:53:40,false,,,,In-app Purchase,,2024-08-01 12:08:40
Store Item,2024-07-30 07:54:16,false,,,,In-app Purchase,,2024-07-30 08:09:16
Store Item,2024-07-30 07:38:06,false,,,,In-app Purchase,,2024-07-30 07:53:06
Store Item,2024-07-24 07:04:59,false,,,,In-app Purchase,,2024-07-24 07:40:32
Store Item,2024-07-24 06:48:39,false,,,,In-app Purchase,,2024-07-24 07:25:32
Store Item,2024-07-24 06:45:23,false,,,,In-app Purchase,,2024-07-24 07:10:32
Store Item,2024-07-24 06:21:09,false,,,,In-app Purchase,,2024-07-24 06:55:32
Store Item,2024-07-24 05:58:55,false,,,,In-app Purchase,,2024-07-24 06:40:32
Store Item,2024-07-24 05:55:32,false,,,,In-app Purchase,,2024-07-24 06:10:32
Store Item,2024-07-23 06:34:44,false,,,,In-app Purchase,,2024-07-23 06:54:51
Store Item,2024-07-23 06:23:58,false,,,,In-app Purchase,,2024-07-23 06:39:51
Store Item,2024-07-23 06:05:18,false,,,,In-app Purchase,,2024-07-23 06:24:51
Store Item,2024-07-23 05:54:20,false,,,,In-app Purchase,,2024-07-23 06:09:51
Store Item,2024-07-23 05:39:51,false,,,,In-app Purchase,,2024-07-23 05:54:51
Store Item,2024-07-23 01:37:38,false,,,,In-app Purchase,,2024-07-23 01:52:38
Store Item,2024-07-23 01:21:50,false,,,,In-app Purchase,,2024-07-23 01:36:50
Store Item,2024-07-19 08:44:13,false,,,,In-app Purchase,,2024-07-19 08:59:17
Store Item,2024-07-19 08:26:57,false,,,,In-app Purchase,,2024-07-19 08:44:17
Store Item,2024-07-19 08:11:21,false,,,,In-app Purchase,,2024-07-19 08:29:17
Store Item,2024-07-19 07:59:17,false,,,,In-app Purchase,,2024-07-19 08:14:17
Store Item,2024-07-18 06:18:50,false,,,,In-app Purchase,,2024-07-18 06:36:15
Store Item,2024-07-18 06:06:15,false,,,,In-app Purchase,,2024-07-18 06:21:15
Store Item,2024-07-17 07:36:51,false,,,,In-app Purchase,,2024-07-17 07:51:51
Store Item,2024-07-17 07:19:44,false,,,,In-app Purchase,,2024-07-17 07:34:44
Store Item,2024-07-17 06:53:25,false,,,,In-app Purchase,,2024-07-17 07:08:25
Store Item,2024-07-16 07:14:15,false,,,,In-app Purchase,,2024-07-16 07:42:14
Store Item,2024-07-16 07:01:54,false,,,,In-app Purchase,,2024-07-16 07:27:14
Store Item,2024-07-16 06:51:45,false,,,,In-app Purchase,,2024-07-16 07:12:14
Store Item,2024-07-16 06:42:14,false,,,,In-app Purchase,,2024-07-16 06:57:14
Store Item,2024-07-15 06:39:04,false,,,,In-app Purchase,,2024-07-15 06:57:17
Store Item,2024-07-15 06:27:17,false,,,,In-app Purchase,,2024-07-15 06:42:17
Store Item,2024-07-15 06:06:50,false,,,,In-app Purchase,,2024-07-15 06:21:50
Store Item,2024-07-12 08:15:18,false,,,,In-app Purchase,,2024-07-12 08:36:32
Store Item,2024-07-12 07:54:01,false,,,,In-app Purchase,,2024-07-12 08:21:32
Store Item,2024-07-12 07:51:32,false,,,,In-app Purchase,,2024-07-12 08:06:32
Store Item,2024-07-12 07:28:27,false,,,,In-app Purchase,,2024-07-12 07:43:27
Store Item,2024-07-11 07:57:19,false,,,,In-app Purchase,,2024-07-11 08:42:30
Store Item,2024-07-11 07:45:26,false,,,,In-app Purchase,,2024-07-11 08:27:30
Store Item,2024-07-11 07:42:30,false,,,,In-app Purchase,,2024-07-11 07:57:30
Store Item,2024-07-10 06:06:06,false,,,,In-app Purchase,,2024-07-10 06:21:06
Store Item,2024-07-10 05:44:02,false,,,,In-app Purchase,,2024-07-10 06:05:45
Store Item,2024-07-10 05:35:45,false,,,,In-app Purchase,,2024-07-10 05:50:45
Store Item,2024-07-08 08:14:57,false,,,,In-app Purchase,,2024-07-08 08:43:53
Store Item,2024-07-08 08:01:49,false,,,,In-app Purchase,,2024-07-08 08:28:53
Store Item,2024-07-08 07:58:53,false,,,,In-app Purchase,,2024-07-08 08:13:53
Store Item,2024-06-27 08:16:10,false,,,,In-app Purchase,,2024-06-27 08:33:10
Store Item,2024-06-27 08:03:10,false,,,,In-app Purchase,,2024-06-27 08:18:10
Store Item,2024-06-27 07:47:59,false,,,,In-app Purchase,,2024-06-27 08:02:59
Store Item,2024-06-26 06:57:18,false,,,,In-app Purchase,,2024-06-26 07:53:05
Store Item,2024-06-26 06:53:37,false,,,,In-app Purchase,,2024-06-26 07:38:05
Store Item,2024-06-26 06:42:11,false,,,,In-app Purchase,,2024-06-26 07:23:05
Store Item,2024-06-26 06:38:05,false,,,,In-app Purchase,,2024-06-26 07:08:05
Store Item,2024-06-25 04:35:06,false,,,,In-app Purchase,,2024-06-25 04:57:21
Store Item,2024-06-25 04:20:11,false,,,,In-app Purchase,,2024-06-25 04:42:21
Store Item,2024-06-25 04:12:21,false,,,,In-app Purchase,,2024-06-25 04:27:21
Store Item,2024-06-24 03:56:52,false,,,,In-app Purchase,,2024-06-24 04:15:00
Store Item,2024-06-24 03:44:19,false,,,,In-app Purchase,,2024-06-24 04:00:00
Store Item,2024-06-24 03:30:00,false,,,,In-app Purchase,,2024-06-24 03:45:00
Store Item,2024-06-22 06:17:36,false,,,,In-app Purchase,,2024-06-22 06:32:36
Store Item,2024-06-21 06:01:23,false,,,,In-app Purchase,,2024-06-21 06:40:14
Store Item,2024-06-21 05:51:06,false,,,,In-app Purchase,,2024-06-21 06:25:14
Store Item,2024-06-21 05:40:14,false,,,,In-app Purchase,,2024-06-21 06:10:14
Store Item,2024-06-20 05:34:39,false,,,,In-app Purchase,,2024-06-20 05:54:50
Store Item,2024-06-20 05:24:50,false,,,,In-app Purchase,,2024-06-20 05:39:50
Store Item,2024-06-20 05:09:02,false,,,,In-app Purchase,,2024-06-20 05:24:02
Store Item,2024-06-20 02:04:13,false,,,,In-app Purchase,,2024-06-20 02:19:13
Store Item,2024-06-19 06:25:37,false,,,,In-app Purchase,,2024-06-19 06:40:37
Store Item,2024-06-19 06:09:46,false,,,,In-app Purchase,,2024-06-19 06:24:46
Store Item,2024-06-19 05:47:30,false,,,,In-app Purchase,,2024-06-19 06:02:30
Store Item,2024-06-18 05:44:05,false,,,,In-app Purchase,,2024-06-18 06:11:00
Store Item,2024-06-18 05:41:00,false,,,,In-app Purchase,,2024-06-18 05:56:00
Store Item,2024-06-17 02:35:01,false,,,,In-app Purchase,,2024-06-17 02:57:30
Store Item,2024-06-17 02:21:17,false,,,,In-app Purchase,,2024-06-17 02:42:30
Store Item,2024-06-17 02:12:30,false,,,,In-app Purchase,,2024-06-17 02:27:30
Store Item,2024-06-17 01:51:45,false,,,,In-app Purchase,,2024-06-17 02:06:45
Store Item,2024-06-13 09:35:29,false,,,,In-app Purchase,,2024-06-13 09:50:29
Store Item,2024-06-12 05:10:26,false,,,,In-app Purchase,,2024-06-12 05:25:26
Store Item,2024-06-12 04:51:09,false,,,,In-app Purchase,,2024-06-12 05:07:34
Store Item,2024-06-12 04:37:34,false,,,,In-app Purchase,,2024-06-12 04:52:34
Store Item,2024-06-11 03:42:10,false,,,,In-app Purchase,,2024-06-11 03:57:10
Store Item,2024-06-10 07:37:54,false,,,,In-app Purchase,,2024-06-10 08:04:43
Store Item,2024-06-10 07:34:43,false,,,,In-app Purchase,,2024-06-10 07:49:43
Store Item,2024-06-07 06:01:40,false,,,,In-app Purchase,,2024-06-07 06:25:34
Store Item,2024-06-07 05:55:34,false,,,,In-app Purchase,,2024-06-07 06:10:34
Store Item,2024-06-07 05:27:31,false,,,,In-app Purchase,,2024-06-07 05:42:31
Store Item,2024-06-06 04:33:20,false,,,,In-app Purchase,,2024-06-06 05:15:31
Store Item,2024-06-06 04:30:31,false,,,,In-app Purchase,,2024-06-06 05:00:31
Store Item,2024-06-06 03:54:58,false,,,,In-app Purchase,,2024-06-06 04:09:58
Store Item,2024-06-04 06:27:19,false,,,,In-app Purchase,,2024-06-04 06:46:54
Store Item,2024-06-04 06:12:33,false,,,,In-app Purchase,,2024-06-04 06:31:54
Store Item,2024-06-04 06:01:54,false,,,,In-app Purchase,,2024-06-04 06:16:54
Store Item,2024-06-04 05:34:22,false,,,,In-app Purchase,,2024-06-04 05:49:22
Store Item,2024-05-31 06:05:19,false,,,,In-app Purchase,,2024-05-31 06:31:56
Store Item,2024-05-31 06:01:03,false,,,,In-app Purchase,,2024-05-31 06:16:56
Store Item,2024-05-31 05:46:56,false,,,,In-app Purchase,,2024-05-31 06:01:56
Store Item,2024-05-31 01:07:09,false,,,,In-app Purchase,,2024-05-31 01:22:09
Store Item,2024-05-29 04:18:30,false,,,,In-app Purchase,,2024-05-29 04:33:30
Store Item,2024-05-24 11:50:53,false,,,,In-app Purchase,,2024-05-25 12:15:24
Store Item,2024-05-24 11:45:24,false,,,,In-app Purchase,,2024-05-25 12:00:24
Store Item,2024-05-17 11:02:46,false,,,,In-app Purchase,,2024-05-17 11:17:46
Store Item,2024-05-17 10:39:28,false,,,,In-app Purchase,,2024-05-17 10:54:28
Store Item,2024-05-09 04:46:51,false,,,,In-app Purchase,,2024-05-09 05:01:51
Store Item,2024-05-09 04:09:35,false,,,,In-app Purchase,,2024-05-09 04:24:35
Store Item,2024-05-08 04:01:02,false,,,,In-app Purchase,,2024-05-08 04:16:02
Store Item,2024-05-08 03:41:07,false,,,,In-app Purchase,,2024-05-08 03:56:07
Store Item,2024-05-06 03:49:56,false,,,,In-app Purchase,,2024-05-06 04:12:58
Store Item,2024-05-06 03:37:27,false,,,,In-app Purchase,,2024-05-06 03:57:58
Store Item,2024-05-06 03:27:58,false,,,,In-app Purchase,,2024-05-06 03:42:58
Store Item,2024-05-06 03:11:47,false,,,,In-app Purchase,,2024-05-06 03:26:47
Store Item,2024-05-03 02:51:21,false,,,,In-app Purchase,,2024-05-03 03:06:21
Store Item,2024-05-03 02:25:05,false,,,,In-app Purchase,,2024-05-03 02:40:05
Store Item,2024-05-02 03:38:50,false,,,,In-app Purchase,,2024-05-02 03:53:50
Store Item,2024-05-02 02:42:35,false,,,,In-app Purchase,,2024-05-02 03:38:47
Store Item,2024-05-02 02:42:15,false,,,,In-app Purchase,,2024-05-02 03:08:47
Store Item,2024-05-02 02:33:07,false,,,,In-app Purchase,,2024-05-02 02:53:47
Store Item,2024-05-02 02:23:47,false,,,,In-app Purchase,,2024-05-02 02:38:47
Store Item,2024-05-01 02:00:04,false,,,,In-app Purchase,,2024-05-01 02:21:37
Store Item,2024-05-01 01:51:37,false,,,,In-app Purchase,,2024-05-01 02:06:37
Store Item,2024-04-30 03:27:52,false,,,,In-app Purchase,,2024-04-30 03:42:52
Store Item,2024-04-30 03:01:59,false,,,,In-app Purchase,,2024-04-30 03:18:44
Store Item,2024-04-30 02:48:44,false,,,,In-app Purchase,,2024-04-30 03:03:44
Store Item,2024-04-29 05:00:27,false,,,,In-app Purchase,,2024-04-29 05:15:27
Store Item,2024-04-29 04:31:59,false,,,,In-app Purchase,,2024-04-29 04:46:59
Store Item,2024-04-26 05:01:55,false,,,,In-app Purchase,,2024-04-26 05:25:26
Store Item,2024-04-26 04:53:05,false,,,,In-app Purchase,,2024-04-26 05:10:26
Store Item,2024-04-26 04:38:58,false,,,,In-app Purchase,,2024-04-26 04:55:26
Store Item,2024-04-26 04:25:26,false,,,,In-app Purchase,,2024-04-26 04:40:26
Store Item,2024-04-25 04:08:15,false,,,,In-app Purchase,,2024-04-25 04:49:32
Store Item,2024-04-25 03:59:28,false,,,,In-app Purchase,,2024-04-25 04:34:32
Store Item,2024-04-25 03:49:32,false,,,,In-app Purchase,,2024-04-25 04:19:32
Store Item,2024-04-25 03:37:17,false,,,,In-app Purchase,,2024-04-25 04:04:32
Store Item,2024-04-25 03:19:32,false,,,,In-app Purchase,,2024-04-25 03:49:32
Store Item,2024-04-24 04:47:15,false,,,,In-app Purchase,,2024-04-24 05:03:09
Store Item,2024-04-24 04:33:09,false,,,,In-app Purchase,,2024-04-24 04:48:09
Store Item,2024-04-23 10:20:44,false,,,,In-app Purchase,,2024-04-23 10:35:44
Store Item,2024-04-23 01:26:03,false,,,,In-app Purchase,,2024-04-23 01:43:28
Store Item,2024-04-23 01:07:23,false,,,,In-app Purchase,,2024-04-23 01:28:28
Store Item,2024-04-23 12:48:45,false,,,,In-app Purchase,,2024-04-23 01:13:28
Store Item,2024-04-23 12:43:28,false,,,,In-app Purchase,,2024-04-23 12:58:28
Store Item,2024-04-16 03:45:01,false,,,,In-app Purchase,,2024-04-16 04:06:18
Store Item,2024-04-16 03:36:18,false,,,,In-app Purchase,,2024-04-16 03:51:18
Store Item,2024-04-16 03:25:41,false,,,,In-app Purchase,,2024-04-16 03:40:41
Store Item,2024-04-15 08:36:18,false,,,,In-app Purchase,,2024-04-15 09:01:43
Store Item,2024-04-15 08:21:19,false,,,,In-app Purchase,,2024-04-15 08:46:43
Store Item,2024-04-15 08:01:43,false,,,,In-app Purchase,,2024-04-15 08:31:43
Store Item,2024-04-13 02:06:44,false,,,,In-app Purchase,,2024-04-13 02:28:28
Store Item,2024-04-13 01:56:56,false,,,,In-app Purchase,,2024-04-13 02:13:28
Store Item,2024-04-13 01:43:28,false,,,,In-app Purchase,,2024-04-13 01:58:28
Store Item,2024-04-11 04:20:35,false,,,,In-app Purchase,,2024-04-11 04:39:27
Store Item,2024-04-11 04:09:27,false,,,,In-app Purchase,,2024-04-11 04:24:27
Store Item,2024-04-10 09:33:53,false,,,,In-app Purchase,,2024-04-10 09:48:53
Store Item,2024-04-09 01:35:12,false,,,,In-app Purchase,,2024-04-09 02:08:15
Store Item,2024-04-09 01:28:07,false,,,,In-app Purchase,,2024-04-09 01:53:15
Store Item,2024-04-09 01:22:26,false,,,,In-app Purchase,,2024-04-09 01:38:15
Store Item,2024-04-09 01:08:15,false,,,,In-app Purchase,,2024-04-09 01:23:15
Store Item,2024-04-08 01:50:21,false,,,,In-app Purchase,,2024-04-08 02:23:22
Store Item,2024-04-08 01:47:32,false,,,,In-app Purchase,,2024-04-08 02:08:22
Store Item,2024-04-08 01:38:22,false,,,,In-app Purchase,,2024-04-08 01:53:22
Store Item,2024-04-06 01:52:35,false,,,,In-app Purchase,,2024-04-06 02:07:47
Store Item,2024-04-06 01:37:47,false,,,,In-app Purchase,,2024-04-06 01:52:47
Store Item,2024-04-05 01:37:47,false,,,,In-app Purchase,,2024-04-05 02:02:12
Store Item,2024-04-05 01:32:12,false,,,,In-app Purchase,,2024-04-05 01:47:12
Store Item,2024-04-03 04:46:38,false,,,,In-app Purchase,,2024-04-03 05:07:53
Store Item,2024-04-03 04:37:53,false,,,,In-app Purchase,,2024-04-03 04:52:53
Store Item,2024-04-03 01:33:17,false,,,,In-app Purchase,,2024-04-03 01:48:17
Store Item,2024-04-02 01:57:39,false,,,,In-app Purchase,,2024-04-02 02:24:55
Store Item,2024-04-02 01:46:33,false,,,,In-app Purchase,,2024-04-02 02:09:55
Store Item,2024-04-02 01:38:05,false,,,,In-app Purchase,,2024-04-02 01:54:55
Store Item,2024-04-02 01:24:55,false,,,,In-app Purchase,,2024-04-02 01:39:55
Store Item,2024-04-01 03:08:48,false,,,,In-app Purchase,,2024-04-01 03:29:25
Store Item,2024-04-01 02:59:25,false,,,,In-app Purchase,,2024-04-01 03:14:25
Store Item,2024-03-28 01:33:01,false,,,,In-app Purchase,,2024-03-28 01:48:01
Store Item,2024-03-28 02:05:48,false,,,,In-app Purchase,,2024-03-28 02:20:48
Store Item,2024-03-28 12:00:05,false,,,,In-app Purchase,,2024-03-28 12:15:05
Store Item,2024-03-27 01:44:44,false,,,,In-app Purchase,,2024-03-27 01:48:41
Store Item,2024-03-27 01:18:41,false,,,,In-app Purchase,,2024-03-27 01:33:41
Store Item,2024-03-26 01:26:07,false,,,,In-app Purchase,,2024-03-26 01:50:38
Store Item,2024-03-26 01:19:57,false,,,,In-app Purchase,,2024-03-26 01:35:38
Store Item,2024-03-26 01:05:38,false,,,,In-app Purchase,,2024-03-26 01:20:38
Store Item,2024-03-25 02:28:07,false,,,,In-app Purchase,,2024-03-25 02:43:07
Store Item,2024-03-21 01:57:09,false,,,,In-app Purchase,,2024-03-21 02:21:21
Store Item,2024-03-21 01:45:43,false,,,,In-app Purchase,,2024-03-21 02:06:21
Store Item,2024-03-21 01:33:56,false,,,,In-app Purchase,,2024-03-21 01:51:21
Store Item,2024-03-21 01:21:21,false,,,,In-app Purchase,,2024-03-21 01:36:21
Store Item,2024-03-20 01:57:37,false,,,,In-app Purchase,,2024-03-20 02:26:57
Store Item,2024-03-20 01:55:01,false,,,,In-app Purchase,,2024-03-20 02:11:57
Store Item,2024-03-20 01:41:57,false,,,,In-app Purchase,,2024-03-20 01:56:57
Store Item,2024-03-20 01:14:31,false,,,,In-app Purchase,,2024-03-20 01:29:31
Store Item,2024-03-19 01:44:57,false,,,,In-app Purchase,,2024-03-19 02:15:05
Store Item,2024-03-19 01:33:54,false,,,,In-app Purchase,,2024-03-19 02:00:05
Store Item,2024-03-19 01:30:05,false,,,,In-app Purchase,,2024-03-19 01:45:05
Store Item,2024-03-19 01:11:45,false,,,,In-app Purchase,,2024-03-19 01:26:45
Store Item,2024-03-18 02:01:06,false,,,,In-app Purchase,,2024-03-18 02:32:40
Store Item,2024-03-18 01:51:41,false,,,,In-app Purchase,,2024-03-18 02:17:40
Store Item,2024-03-18 01:47:40,false,,,,In-app Purchase,,2024-03-18 02:02:40
Store Item,2024-03-17 08:06:23,false,,,,In-app Purchase,,2024-03-17 08:21:23
Store Item,2024-03-15 01:58:00,false,,,,In-app Purchase,,2024-03-15 02:17:36
Store Item,2024-03-15 01:47:36,false,,,,In-app Purchase,,2024-03-15 02:02:36
Store Item,2024-03-14 01:14:17,false,,,,In-app Purchase,,2024-03-14 01:29:17
Store Item,2024-03-13 01:53:22,false,,,,In-app Purchase,,2024-03-13 02:13:04
Store Item,2024-03-13 01:36:45,false,,,,In-app Purchase,,2024-03-13 01:58:04
Store Item,2024-03-13 01:24:42,false,,,,In-app Purchase,,2024-03-13 01:43:04
Store Item,2024-03-13 01:13:04,false,,,,In-app Purchase,,2024-03-13 01:28:04
Store Item,2024-03-12 01:25:35,false,,,,In-app Purchase,,2024-03-12 01:44:47
Store Item,2024-03-12 01:14:47,false,,,,In-app Purchase,,2024-03-12 01:29:47
Store Item,2024-03-11 01:43:15,false,,,,In-app Purchase,,2024-03-11 01:58:15
Store Item,2024-03-10 12:21:30,false,,,,In-app Purchase,,2024-03-10 12:38:42
Store Item,2024-03-10 12:08:42,false,,,,In-app Purchase,,2024-03-10 12:23:42
Store Item,2024-03-09 01:48:47,false,,,,In-app Purchase,,2024-03-09 02:03:47
Store Item,2024-03-08 10:06:29,false,,,,In-app Purchase,,2024-03-08 10:21:29
Store Item,2024-03-08 02:08:02,false,,,,In-app Purchase,,2024-03-08 02:30:26
Store Item,2024-03-08 02:00:26,false,,,,In-app Purchase,,2024-03-08 02:15:26
Store Item,2024-03-07 10:00:39,false,,,,In-app Purchase,,2024-03-07 10:23:14
Store Item,2024-03-07 09:53:14,false,,,,In-app Purchase,,2024-03-07 10:08:14
Store Item,2024-03-07 01:42:54,false,,,,In-app Purchase,,2024-03-07 02:01:26
Store Item,2024-03-07 01:31:26,false,,,,In-app Purchase,,2024-03-07 01:46:26
Store Item,2024-03-06 10:01:43,false,,,,In-app Purchase,,2024-03-06 10:16:24
Store Item,2024-03-06 09:46:24,false,,,,In-app Purchase,,2024-03-06 10:01:24
Store Item,2024-03-06 02:14:26,false,,,,In-app Purchase,,2024-03-06 02:51:29
Store Item,2024-03-06 02:03:54,false,,,,In-app Purchase,,2024-03-06 02:36:29
Store Item,2024-03-06 01:54:11,false,,,,In-app Purchase,,2024-03-06 02:21:29
Store Item,2024-03-06 01:44:29,false,,,,In-app Purchase,,2024-03-06 02:06:29
Store Item,2024-03-06 01:36:29,false,,,,In-app Purchase,,2024-03-06 01:51:29
Store Item,2024-03-05 09:45:47,false,,,,In-app Purchase,,2024-03-05 10:00:47
Store Item,2024-03-05 01:59:10,false,,,,In-app Purchase,,2024-03-05 02:30:29
Store Item,2024-03-05 01:46:56,false,,,,In-app Purchase,,2024-03-05 02:15:29
Store Item,2024-03-05 01:44:52,false,,,,In-app Purchase,,2024-03-05 02:00:29
Store Item,2024-03-05 01:30:29,false,,,,In-app Purchase,,2024-03-05 01:45:29
Store Item,2024-03-04 02:06:01,false,,,,In-app Purchase,,2024-03-04 02:37:23
Store Item,2024-03-04 01:55:39,false,,,,In-app Purchase,,2024-03-04 02:22:23
Store Item,2024-03-04 01:52:23,false,,,,In-app Purchase,,2024-03-04 02:07:23
Store Item,2024-03-03 12:25:15,false,,,,In-app Purchase,,2024-03-03 01:03:12
Store Item,2024-03-03 12:22:30,false,,,,In-app Purchase,,2024-03-03 12:48:12
Store Item,2024-03-03 12:03:26,false,,,,In-app Purchase,,2024-03-03 12:33:12
Store Item,2024-03-03 12:03:12,false,,,,In-app Purchase,,2024-03-03 12:18:12
Store Item,2024-03-02 11:16:51,false,,,,In-app Purchase,,2024-03-02 11:50:00
Store Item,2024-03-02 11:13:35,false,,,,In-app Purchase,,2024-03-02 11:35:00
Store Item,2024-03-02 11:05:00,false,,,,In-app Purchase,,2024-03-02 11:20:00
Store Item,2024-03-02 11:50:27,false,,,,In-app Purchase,,2024-03-02 12:05:27
Store Item,2024-03-01 10:01:31,false,,,,In-app Purchase,,2024-03-01 10:16:31
Store Item,2024-03-01 02:14:37,false,,,,In-app Purchase,,2024-03-01 02:29:37
Store Item,2024-03-01 01:51:53,false,,,Immersive Plus,Duolingo Plus Subscription (Free Trial),,2024-03-04 01:51:53
Store Item,2024-03-01 01:51:28,false,,,,In-app Purchase,,2024-03-01 02:12:59
Store Item,2024-03-01 01:42:59,false,,,,In-app Purchase,,2024-03-01 01:57:59
Store Item,2024-03-01 01:24:36,false,,,,In-app Purchase,,2024-03-01 01:39:36
Store Item,2024-03-01 12:24:16,false,,,,In-app Purchase,,2024-03-01 12:39:16
Store Item,2024-02-29 11:45:11,false,,,,In-app Purchase,,2024-03-01 12:00:11
Store Item,2024-02-28 01:29:45,false,,,,In-app Purchase,,2024-02-28 01:44:45
Store Item,2024-02-27 02:14:03,false,,,,In-app Purchase,,2024-02-27 02:29:03
Store Item,2024-02-27 01:40:15,false,,,,In-app Purchase,,2024-02-27 01:57:31
Store Item,2024-02-27 01:27:31,false,,,,In-app Purchase,,2024-02-27 01:42:31
Store Item,2024-02-26 01:41:02,false,,,,In-app Purchase,,2024-02-26 01:56:02
Store Item,2024-02-22 06:12:23,false,,,,In-app Purchase,,2024-02-22 06:27:23
Store Item,2024-02-21 05:41:25,false,,,,In-app Purchase,,2024-02-21 05:56:25
Store Item,2024-02-19 01:13:11,false,,,,In-app Purchase,,2024-02-19 01:28:11
Store Item,2024-02-15 02:44:33,false,,,,In-app Purchase,,2024-02-15 02:59:33
Store Item,2024-02-14 01:32:33,false,,,,In-app Purchase,,2024-02-14 01:59:58
Store Item,2024-02-14 01:29:58,false,,,,In-app Purchase,,2024-02-14 01:44:58
Store Item,2024-02-13 01:37:46,false,,,,In-app Purchase,,2024-02-13 01:58:35
Store Item,2024-02-13 01:28:35,false,,,,In-app Purchase,,2024-02-13 01:43:35
Store Item,2024-02-12 10:45:43,false,,,,In-app Purchase,,2024-02-12 11:00:43
Store Item,2024-02-12 11:40:28,false,30,,,In-app Purchase,,
Store Item,2024-02-12 11:31:54,false,,,,In-app Purchase,,2024-02-12 11:46:54
Store Item,2024-02-10 01:42:37,false,,,,In-app Purchase,,2024-02-10 01:57:37
Store Item,2024-02-10 01:24:14,false,,,,In-app Purchase,,2024-02-10 01:39:14
Store Item,2024-02-09 01:53:55,false,,,,In-app Purchase,,2024-02-09 02:15:25
Store Item,2024-02-09 01:45:25,false,,,,In-app Purchase,,2024-02-09 02:00:25
Store Item,2024-02-06 01:47:55,false,,,,In-app Purchase,,2024-02-06 02:09:32
Store Item,2024-02-06 01:39:32,false,,,,In-app Purchase,,2024-02-06 01:54:32
Store Item,2024-02-05 01:37:38,false,,,,In-app Purchase,,2024-02-05 02:02:32
Store Item,2024-02-05 01:32:32,false,,,,In-app Purchase,,2024-02-05 01:47:32
Store Item,2024-01-31 01:41:09,false,,,,In-app Purchase,,2024-01-31 01:56:09
Store Item,2024-01-31 01:25:58,false,,,,In-app Purchase,,2024-01-31 01:40:58
Store Item,2024-01-30 01:26:54,false,,,,In-app Purchase,,2024-01-30 01:41:54
Store Item,2024-01-30 10:31:33,false,,,,In-app Purchase,,2024-01-30 10:46:33
Store Item,2024-01-29 01:41:46,false,,,,In-app Purchase,,2024-01-29 02:07:03
Store Item,2024-01-29 01:26:36,false,,,,In-app Purchase,,2024-01-29 01:52:03
Store Item,2024-01-29 01:22:03,false,,,,In-app Purchase,,2024-01-29 01:37:03
Store Item,2024-01-27 02:04:37,false,,,,In-app Purchase,,2024-01-27 02:19:37
Store Item,2024-01-26 01:46:00,false,,,,In-app Purchase,,2024-01-26 02:02:37
Store Item,2024-01-26 01:32:37,false,,,,In-app Purchase,,2024-01-26 01:47:37
Store Item,2024-01-25 01:48:29,false,,,,In-app Purchase,,2024-01-25 02:15:36
Store Item,2024-01-25 01:46:02,false,,,Immersive Plus,Duolingo Plus Subscription (Free Trial),,2024-01-28 01:46:02
Store Item,2024-01-25 01:45:36,false,,,,In-app Purchase,,2024-01-25 02:00:36
Store Item,2024-01-24 01:37:12,false,,,,In-app Purchase,,2024-01-24 01:52:12
Store Item,2024-01-23 01:57:13,false,,,,In-app Purchase,,2024-01-23 02:12:13
Store Item,2024-01-22 02:06:52,false,,,,In-app Purchase,,2024-01-22 02:21:52
Store Item,2024-01-22 01:48:44,false,,,,In-app Purchase,,2024-01-22 02:03:44
Store Item,2024-01-10 01:51:11,false,,,,In-app Purchase,,2024-01-10 02:06:11
Store Item,2024-01-08 01:26:24,false,,,,In-app Purchase,,2024-01-08 01:41:24
Store Item,2024-01-05 01:35:33,false,,,,In-app Purchase,,2024-01-05 01:50:33
Store Item,2024-01-03 01:55:36,false,,,,In-app Purchase,,2024-01-03 02:19:47
Store Item,2024-01-03 01:49:47,false,,,,In-app Purchase,,2024-01-03 02:04:47
Store Item,2023-12-29 11:05:17,false,,,,In-app Purchase,,2023-12-29 11:20:17
Store Item,2023-12-28 02:40:21,false,,,,In-app Purchase,,2023-12-28 03:03:01
Store Item,2023-12-28 02:33:01,false,,,,In-app Purchase,,2023-12-28 02:48:01
Store Item,2023-12-27 02:54:37,false,,,,In-app Purchase,,2023-12-27 03:09:37
Store Item,2023-12-21 01:31:01,false,,,,In-app Purchase,,2023-12-21 01:46:01
Store Item,2023-12-20 01:54:49,false,,,,In-app Purchase,,2023-12-20 02:09:49
Store Item,2023-12-19 02:43:20,false,,,,In-app Purchase,,2023-12-19 02:58:20
Store Item,2023-12-19 02:26:26,false,,,Immersive Plus,Duolingo Plus Subscription (Free Trial),,2023-12-22 02:26:26
Store Item,2023-12-19 02:21:58,false,,,,In-app Purchase,,2023-12-19 02:36:58
Store Item,2023-12-15 01:32:17,false,,,,In-app Purchase,,2023-12-15 01:47:17
Store Item,2023-12-12 02:38:31,false,,,,In-app Purchase,,2023-12-12 02:53:31
Store Item,2023-12-06 02:00:43,false,,,,In-app Purchase,,2023-12-06 02:15:51
Store Item,2023-12-06 01:45:51,false,,,,In-app Purchase,,2023-12-06 02:00:51
Store Item,2023-12-02 01:38:55,false,,,,In-app Purchase,,2023-12-02 01:53:55
Store Item,2023-11-28 01:48:14,false,,,,In-app Purchase,,2023-11-28 02:03:14
Store Item,2023-11-27 01:33:52,false,,,,In-app Purchase,,2023-11-27 02:03:52
Store Item,2023-11-24 01:33:21,false,,,,In-app Purchase,,2023-11-24 01:48:21
Store Item,2023-11-17 01:36:17,false,,,,In-app Purchase,,2023-11-17 01:51:17
Store Item,2023-11-16 01:40:48,false,,,Immersive Plus,Duolingo Plus Subscription (Free Trial),,2023-11-19 01:40:48
Store Item,2023-11-13 01:39:41,false,,,,In-app Purchase,,2023-11-13 01:54:41
Store Item,2023-10-18 01:36:26,false,,,,In-app Purchase,,2023-10-18 01:51:26
Store Item,2023-10-06 01:40:47,false,,,Immersive Plus,Duolingo Plus Subscription (Free Trial),,2023-10-09 01:40:47
Store Item,2023-09-28 05:50:24,false,,,,In-app Purchase,,2023-09-28 06:05:24
Store Item,2023-09-28 05:36:31,false,,,,In-app Purchase,,2023-09-28 05:51:31
Store Item,2023-09-25 01:33:23,false,,,,In-app Purchase,,2023-09-25 02:03:23
Store Item,2023-09-23 01:49:03,false,,,,In-app Purchase,,2023-09-23 02:04:03
Store Item,2023-09-22 01:32:02,false,,,,In-app Purchase,,2023-09-22 01:47:02
Store Item,2023-09-21 01:29:31,false,,,,In-app Purchase,,2023-09-21 01:44:31
Store Item,2023-08-28 01:31:29,false,,,Immersive Plus,Duolingo Plus Subscription (Free Trial),,2023-08-31 01:31:29
Store Item,2023-06-19 10:31:36,false,,,Immersive Plus,Duolingo Plus Subscription (Free Trial),,2023-06-22 10:31:36
Store Item,2023-04-12 03:45:26,false,,,Immersive Plus,Duolingo Plus Subscription (Free Trial),,2023-04-15 03:45:26
Store Item,2022-11-30 08:19:07,false,,,,In-app Purchase,,2022-11-30 09:19:07
Store Item,2022-07-20 02:14:03,false,500,,,In-app Purchase,,
Store Item,2022-06-17 03:16:35,false,20,,,In-app Purchase,,
Store Item,2022-03-18 05:56:25,false,100,,,In-app Purchase,,
Luxury outfit,2022-02-09 07:38:43,true,600,,,In-app Purchase,,
